json_filename,mask_filename,num_defect_regions,defect_categories,height,width
Num119.json,Num119.png,2,Hshang,552,412
Num121.json,Num121.png,2,Hshang,552,412
Num123.json,Num123.png,3,Hshang,552,412
Num125.json,Num125.png,3,Hshang,552,412
Num211.json,Num211.png,3,Hshang,552,412
Num234.json,Num234.png,3,Hshang,552,412
Num324.json,Num324.png,2,Hshang,552,412
Num7379.json,Num7379.png,1,Hshang,552,412
Num7383.json,Num7383.png,1,Hshang,552,412
Num7757.json,Num7757.png,1,Hshang,552,412
Num7867.json,Num7867.png,2,Hshang,552,412
Num8115.json,Num8115.png,2,Hshang,552,412
Num8119.json,Num8119.png,2,Hshang,552,412
Num8159.json,Num8159.png,1,Hshang,552,412
Num8732.json,Num8732.png,1,Hshang,552,412
Num8734.json,Num8734.png,1,Hshang,552,412
Num1028.json,Num1028.png,2,Hshang;Yshang,552,412
Num1030.json,Num1030.png,2,Hshang;Yshang,552,412
Num10382.json,Num10382.png,2,Hshang;Yshang,552,412
Num1092.json,Num1092.png,1,Hshang,552,412
Num1094.json,Num1094.png,1,Hshang,552,412
Num1095.json,Num1095.png,1,Hshang,552,412
Num11207.json,Num11207.png,1,Hshang,552,412
Num11831.json,Num11831.png,1,Hshang,552,412
Num1266.json,Num1266.png,5,Hshang;Yshang,552,412
Num1305.json,Num1305.png,1,Hshang,552,412
Num1307.json,Num1307.png,2,Hshang;Yshang,552,412
Num1328.json,Num1328.png,1,Hshang,552,412
Num139.json,Num139.png,1,Hshang,552,412
Num1401.json,Num1401.png,3,Hshang,552,412
Num1404.json,Num1404.png,4,Hshang;Yshang,552,412
Num1406.json,Num1406.png,5,Hshang;Yshang,552,412
Num1465.json,Num1465.png,2,Hshang;Yshang,552,412
Num1500.json,Num1500.png,2,Hshang;Yshang,552,412
Num15013.json,Num15013.png,1,Hshang,552,412
Num15413.json,Num15413.png,1,Hshang,552,412
Num1577.json,Num1577.png,1,Hshang,552,412
Num1579.json,Num1579.png,1,Hshang,552,412
Num1647.json,Num1647.png,1,Hshang,552,412
Num1654.json,Num1654.png,2,Hshang;Yshang,552,412
Num1781.json,Num1781.png,1,Hshang,552,412
Num18220.json,Num18220.png,1,Hshang,552,412
Num1834.json,Num1834.png,3,Hshang;Yshang,552,412
Num1838.json,Num1838.png,3,Hshang;Yshang,552,412
Num1842.json,Num1842.png,2,Hshang;Yshang,552,412
Num18439.json,Num18439.png,1,Hshang,552,412
Num1844.json,Num1844.png,2,Hshang;Yshang,552,412
Num1846.json,Num1846.png,2,Hshang;Yshang,552,412
Num1848.json,Num1848.png,2,Hshang;Yshang,552,412
Num1948.json,Num1948.png,1,Hshang,552,412
Num1961.json,Num1961.png,2,Hshang,552,412
Num1965.json,Num1965.png,1,Hshang,552,412
Num201.json,Num201.png,2,Hshang;Yshang,552,412
Num2020.json,Num2020.png,1,Hshang,552,412
Num2021.json,Num2021.png,2,Hshang;Yshang,552,412
Num2024.json,Num2024.png,1,Hshang,552,412
Num20299.json,Num20299.png,1,Hshang,552,412
Num203.json,Num203.png,3,Hshang;Yshang,552,412
Num205.json,Num205.png,3,Hshang;Yshang,552,412
Num207.json,Num207.png,3,Hshang;Yshang,552,412
Num217.json,Num217.png,1,Hshang,552,412
Num218.json,Num218.png,3,Hshang,552,412
Num219.json,Num219.png,1,Hshang,552,412
Num221.json,Num221.png,1,Hshang,552,412
Num223.json,Num223.png,1,Hshang,552,412
Num2324.json,Num2324.png,1,Hshang,552,412
Num2387.json,Num2387.png,2,Hshang;Yshang,552,412
Num2388.json,Num2388.png,2,Hshang;Yshang,552,412
Num2391.json,Num2391.png,2,Hshang;Yshang,552,412
Num2401.json,Num2401.png,2,Hshang,552,412
Num2412.json,Num2412.png,2,Hshang;Yshang,552,412
Num2416.json,Num2416.png,2,Hshang;Yshang,552,412
Num24526.json,Num24526.png,1,Hshang,536,396
Num2545.json,Num2545.png,1,Hshang,552,412
Num270.json,Num270.png,3,Hshang;Yshang,552,412
Num2749.json,Num2749.png,2,Hshang;Yshang,552,412
Num29250.json,Num29250.png,3,Hshang,536,396
Num3208.json,Num3208.png,1,Hshang,552,412
Num3247.json,Num3247.png,1,Hshang,552,412
Num3401.json,Num3401.png,3,Hshang;Yshang,552,412
Num3530.json,Num3530.png,3,Hshang;Yshang,552,412
Num372.json,Num372.png,1,Hshang,552,412
Num374.json,Num374.png,1,Hshang,552,412
Num4092.json,Num4092.png,1,Hshang,552,412
Num4145.json,Num4145.png,1,Hshang,552,412
Num4194.json,Num4194.png,2,Hshang,552,412
Num4995.json,Num4995.png,2,Hshang;Yshang,552,412
Num4999.json,Num4999.png,2,Hshang;Yshang,552,412
Num5173.json,Num5173.png,2,Hshang;Yshang,552,412
Num52.json,Num52.png,2,Hshang;Yshang,552,412
Num54.json,Num54.png,2,Hshang;Yshang,552,412
Num55694.json,Num55694.png,1,Hshang,552,412
Num56.json,Num56.png,2,Hshang;Yshang,552,412
Num5988.json,Num5988.png,4,Hshang;Yshang,552,412
Num6500.json,Num6500.png,1,Hshang,552,412
Num708.json,Num708.png,2,Hshang;Yshang,552,412
Num729.json,Num729.png,2,Hshang;Yshang,552,412
Num79.json,Num79.png,4,Hshang;Yshang,552,412
Num798.json,Num798.png,2,Hshang;Yshang,552,412
Num800.json,Num800.png,1,Hshang,552,412
Num849.json,Num849.png,2,Hshang;Yshang,552,412
Num8808.json,Num8808.png,1,Hshang,552,412
Num9163.json,Num9163.png,1,Hshang,552,412
Num9165.json,Num9165.png,1,Hshang,552,412
Num9383.json,Num9383.png,1,Hshang,552,412
Num1028.json,Num1028.png,2,Hshang;Yshang,552,412
Num1030.json,Num1030.png,2,Hshang;Yshang,552,412
Num1149.json,Num1149.png,1,Yshang,552,412
Num1178.json,Num1178.png,1,Yshang,552,412
Num1223.json,Num1223.png,1,Yshang,552,412
Num1307.json,Num1307.png,2,Hshang;Yshang,552,412
Num1309.json,Num1309.png,1,Yshang,552,412
Num1313.json,Num1313.png,1,Yshang,552,412
Num1321.json,Num1321.png,1,Yshang,552,412
Num1345.json,Num1345.png,1,Yshang,552,412
Num1349.json,Num1349.png,1,Yshang,552,412
Num1397.json,Num1397.png,1,Yshang,552,412
Num1409.json,Num1409.png,1,Yshang,552,412
Num1415.json,Num1415.png,1,Yshang,552,412
Num1427.json,Num1427.png,1,Yshang,552,412
Num1465.json,Num1465.png,2,Hshang;Yshang,552,412
Num1496.json,Num1496.png,1,Yshang,552,412
Num1537.json,Num1537.png,1,Yshang,552,412
Num1541.json,Num1541.png,1,Yshang,552,412
Num1546.json,Num1546.png,1,Yshang,552,412
Num1641.json,Num1641.png,1,Yshang,552,412
Num1654.json,Num1654.png,2,Hshang;Yshang,552,412
Num166.json,Num166.png,1,Yshang,552,412
Num1682.json,Num1682.png,1,Yshang,552,412
Num1686.json,Num1686.png,1,Yshang,552,412
Num1688.json,Num1688.png,1,Yshang,552,412
Num181.json,Num181.png,1,Yshang,552,412
Num183.json,Num183.png,1,Yshang,552,412
Num213.json,Num213.png,1,Yshang,552,412
Num218.json,Num218.png,1,Yshang,552,412
Num270.json,Num270.png,3,Hshang;Yshang,552,412
Num28.json,Num28.png,1,Yshang,552,412
Num298.json,Num298.png,1,Yshang,552,412
Num304.json,Num304.png,1,Yshang,552,412
Num322.json,Num322.png,1,Yshang,552,412
Num326.json,Num326.png,2,Yshang,552,412
Num328.json,Num328.png,2,Yshang,552,412
Num402.json,Num402.png,1,Yshang,552,412
Num404.json,Num404.png,1,Yshang,552,412
Num446.json,Num446.png,1,Yshang,552,412
Num45.json,Num45.png,1,Yshang,552,412
Num453.json,Num453.png,1,Yshang,552,412
Num46.json,Num46.png,1,Yshang,552,412
Num481.json,Num481.png,2,Yshang,552,412
Num494.json,Num494.png,1,Yshang,552,412
Num509.json,Num509.png,1,Yshang,552,412
Num511.json,Num511.png,1,Yshang,552,412
Num519.json,Num519.png,1,Yshang,552,412
Num52.json,Num52.png,2,Hshang;Yshang,552,412
Num529.json,Num529.png,1,Yshang,552,412
Num531.json,Num531.png,1,Yshang,552,412
Num535.json,Num535.png,1,Yshang,552,412
Num54.json,Num54.png,2,Hshang;Yshang,552,412
Num56.json,Num56.png,2,Hshang;Yshang,552,412
Num602.json,Num602.png,1,Yshang,552,412
Num610.json,Num610.png,1,Yshang,552,412
Num614.json,Num614.png,1,Yshang,552,412
Num618.json,Num618.png,1,Yshang,552,412
Num624.json,Num624.png,1,Yshang,552,412
Num633.json,Num633.png,1,Yshang,552,412
Num637.json,Num637.png,1,Yshang,552,412
Num708.json,Num708.png,2,Hshang;Yshang,552,412
Num712.json,Num712.png,1,Yshang,552,412
Num74.json,Num74.png,1,Yshang,552,412
Num798.json,Num798.png,2,Hshang;Yshang,552,412
Num799.json,Num799.png,1,Yshang,552,412
Num849.json,Num849.png,2,Hshang;Yshang,552,412
Num9.json,Num9.png,1,Yshang,552,412
Num960.json,Num960.png,1,Yshang,552,412
Num962.json,Num962.png,1,Yshang,552,412
1.10.json,1.10.png,1,Yshang,552,412
1.12.json,1.12.png,1,Yshang,552,412
1.2.json,1.2.png,1,Yshang,552,412
1.3.json,1.3.png,1,Yshang,552,412
1.7.json,1.7.png,1,Yshang,552,412
1.9.json,1.9.png,1,Yshang,552,412
Num10139.json,Num10139.png,1,Yshang,552,412
Num102515.json,Num102515.png,1,Yshang,552,412
Num1028.json,Num1028.png,2,Hshang;Yshang,552,412
Num103.json,Num103.png,1,Yshang,552,412
Num1030.json,Num1030.png,2,Hshang;Yshang,552,412
Num10380.json,Num10380.png,1,Yshang,552,412
Num10382.json,Num10382.png,2,Hshang;Yshang,552,412
Num10384.json,Num10384.png,1,Yshang,552,412
Num10442.json,Num10442.png,1,Yshang,536,396
Num10526.json,Num10526.png,1,Yshang,536,396
Num10530.json,Num10530.png,1,Yshang,552,412
Num107.json,Num107.png,1,Yshang,552,412
Num10887.json,Num10887.png,3,Yshang,552,412
Num11.json,Num11.png,1,Yshang,552,412
Num110018.json,Num110018.png,1,Yshang,536,396
Num110022.json,Num110022.png,1,Yshang,552,412
Num111.json,Num111.png,1,Yshang,552,412
Num111002.json,Num111002.png,1,Yshang,536,396
Num111926.json,Num111926.png,1,Yshang,552,412
Num11308.json,Num11308.png,1,Yshang,552,412
Num11419.json,Num11419.png,1,Yshang,552,412
Num11423.json,Num11423.png,1,Yshang,552,412
Num11427.json,Num11427.png,1,Yshang,552,412
Num1149.json,Num1149.png,1,Yshang,552,412
Num115.json,Num115.png,1,Yshang,552,412
Num1178.json,Num1178.png,1,Yshang,552,412
Num1183.json,Num1183.png,1,Yshang,552,412
Num119.json,Num119.png,1,Yshang,552,412
Num11945.json,Num11945.png,1,Yshang,552,412
Num11951.json,Num11951.png,1,Yshang,552,412
Num11992.json,Num11992.png,1,Yshang,552,412
Num12.json,Num12.png,1,Yshang,552,412
Num12116.json,Num12116.png,1,Yshang,552,412
Num1216.json,Num1216.png,1,Yshang,552,412
Num1223.json,Num1223.png,1,Yshang,552,412
Num123508.json,Num123508.png,1,Yshang,552,412
Num124091.json,Num124091.png,1,Yshang,552,412
Num126278.json,Num126278.png,1,Yshang,552,412
Num1266.json,Num1266.png,5,Hshang;Yshang,552,412
Num1268.json,Num1268.png,2,Yshang,552,412
Num127.json,Num127.png,2,Yshang,552,412
Num128652.json,Num128652.png,1,Yshang,552,412
Num128796.json,Num128796.png,1,Yshang,552,412
Num1295.json,Num1295.png,1,Yshang,552,412
Num1307.json,Num1307.png,2,Hshang;Yshang,552,412
Num1309.json,Num1309.png,1,Yshang,552,412
Num1313.json,Num1313.png,1,Yshang,552,412
Num1314.json,Num1314.png,1,Yshang,552,412
Num1316.json,Num1316.png,1,Yshang,552,412
Num1318.json,Num1318.png,1,Yshang,552,412
Num1320.json,Num1320.png,1,Yshang,552,412
Num1321.json,Num1321.png,1,Yshang,552,412
Num13247.json,Num13247.png,1,Yshang,552,412
Num1327.json,Num1327.png,1,Yshang,552,412
Num13318.json,Num13318.png,1,Yshang,552,412
Num13446.json,Num13446.png,1,Yshang,552,412
Num13448.json,Num13448.png,1,Yshang,552,412
Num1345.json,Num1345.png,1,Yshang,552,412
Num134647.json,Num134647.png,1,Yshang,552,412
Num13476.json,Num13476.png,1,Yshang,552,412
Num1349.json,Num1349.png,1,Yshang,552,412
Num1354.json,Num1354.png,1,Yshang,552,412
Num1356.json,Num1356.png,1,Yshang,552,412
Num1370.json,Num1370.png,1,Yshang,552,412
Num1372.json,Num1372.png,1,Yshang,552,412
Num13720.json,Num13720.png,1,Yshang,552,412
Num1374.json,Num1374.png,1,Yshang,552,412
Num1397.json,Num1397.png,1,Yshang,552,412
Num1404.json,Num1404.png,4,Hshang;Yshang,552,412
Num1406.json,Num1406.png,5,Hshang;Yshang,552,412
Num1409.json,Num1409.png,1,Yshang,552,412
Num14142.json,Num14142.png,1,Yshang,552,412
Num1415.json,Num1415.png,1,Yshang,552,412
Num14240.json,Num14240.png,1,Yshang,552,412
Num14264.json,Num14264.png,1,Yshang,552,412
Num1427.json,Num1427.png,1,Yshang,552,412
Num14338.json,Num14338.png,1,Yshang,536,396
Num14340.json,Num14340.png,1,Yshang,552,412
Num1446.json,Num1446.png,1,Yshang,552,412
Num1465.json,Num1465.png,2,Hshang;Yshang,552,412
Num14793.json,Num14793.png,1,Yshang,552,412
Num14795.json,Num14795.png,1,Yshang,552,412
Num14804.json,Num14804.png,1,Yshang,552,412
Num14806.json,Num14806.png,1,Yshang,552,412
Num1487.json,Num1487.png,1,Yshang,552,412
Num1496.json,Num1496.png,1,Yshang,552,412
Num15.json,Num15.png,1,Yshang,552,412
Num1500.json,Num1500.png,2,Hshang;Yshang,552,412
Num15159.json,Num15159.png,1,Yshang,552,412
Num1520.json,Num1520.png,1,Yshang,552,412
Num1537.json,Num1537.png,1,Yshang,552,412
Num1541.json,Num1541.png,1,Yshang,552,412
Num1546.json,Num1546.png,1,Yshang,552,412
Num1547.json,Num1547.png,2,Cshang;Yshang,552,412
Num1551.json,Num1551.png,2,Cshang;Yshang,552,412
Num1609.json,Num1609.png,1,Yshang,552,412
Num1611.json,Num1611.png,1,Yshang,552,412
Num1612.json,Num1612.png,1,Yshang,552,412
Num16124.json,Num16124.png,2,Yshang,552,412
Num1613.json,Num1613.png,1,Yshang,552,412
Num16138.json,Num16138.png,1,Yshang,536,396
Num1614.json,Num1614.png,1,Yshang,552,412
Num16140.json,Num16140.png,1,Yshang,552,412
Num1615.json,Num1615.png,1,Yshang,552,412
Num1616.json,Num1616.png,1,Yshang,552,412
Num1641.json,Num1641.png,1,Yshang,552,412
Num16476.json,Num16476.png,1,Yshang,552,412
Num16480.json,Num16480.png,1,Yshang,552,412
Num16516.json,Num16516.png,1,Yshang,552,412
Num16520.json,Num16520.png,1,Yshang,552,412
Num1654.json,Num1654.png,2,Hshang;Yshang,552,412
Num16547.json,Num16547.png,1,Yshang,552,412
Num16549.json,Num16549.png,1,Yshang,552,412
Num16567.json,Num16567.png,1,Yshang,552,412
Num166.json,Num166.png,1,Yshang,552,412
Num16611.json,Num16611.png,1,Yshang,552,412
Num16635.json,Num16635.png,1,Yshang,552,412
Num16679.json,Num16679.png,1,Yshang,552,412
Num1682.json,Num1682.png,1,Yshang,552,412
Num1686.json,Num1686.png,1,Yshang,552,412
Num1688.json,Num1688.png,1,Yshang,552,412
Num16908.json,Num16908.png,1,Yshang,552,412
Num16924.json,Num16924.png,1,Yshang,552,412
Num16928.json,Num16928.png,1,Yshang,552,412
Num1707.json,Num1707.png,1,Yshang,552,412
Num1711.json,Num1711.png,1,Yshang,552,412
Num1719.json,Num1719.png,1,Yshang,552,412
Num17248.json,Num17248.png,1,Yshang,552,412
Num17292.json,Num17292.png,1,Yshang,552,412
Num17296.json,Num17296.png,1,Yshang,552,412
Num17299.json,Num17299.png,1,Yshang,552,412
Num17395.json,Num17395.png,1,Yshang,552,412
Num17502.json,Num17502.png,1,Yshang,552,412
Num177.json,Num177.png,1,Yshang,552,412
Num1798.json,Num1798.png,1,Yshang,552,412
Num181.json,Num181.png,1,Yshang,552,412
Num1826.json,Num1826.png,3,Cshang;Yshang,552,412
Num1828.json,Num1828.png,1,Yshang,552,412
Num183.json,Num183.png,1,Yshang,552,412
Num1830.json,Num1830.png,2,Yshang,552,412
Num1832.json,Num1832.png,2,Yshang,552,412
Num1834.json,Num1834.png,3,Hshang;Yshang,552,412
Num1838.json,Num1838.png,3,Hshang;Yshang,552,412
Num1842.json,Num1842.png,2,Hshang;Yshang,552,412
Num1843.json,Num1843.png,1,Yshang,552,412
Num18439.json,Num18439.png,1,Yshang,552,412
Num1844.json,Num1844.png,2,Hshang;Yshang,552,412
Num1845.json,Num1845.png,1,Yshang,552,412
Num1846.json,Num1846.png,2,Hshang;Yshang,552,412
Num1848.json,Num1848.png,2,Hshang;Yshang,552,412
Num18504.json,Num18504.png,1,Yshang,552,412
Num1851.json,Num1851.png,2,Yshang,552,412
Num1855.json,Num1855.png,1,Yshang,552,412
Num18784.json,Num18784.png,1,Yshang,552,412
Num18867.json,Num18867.png,1,Yshang,552,412
Num18876.json,Num18876.png,1,Yshang,552,412
Num18885.json,Num18885.png,1,Yshang,552,412
Num18889.json,Num18889.png,1,Yshang,552,412
Num18891.json,Num18891.png,1,Yshang,552,412
Num18893.json,Num18893.png,1,Yshang,552,412
Num18931.json,Num18931.png,1,Yshang,552,412
Num18937.json,Num18937.png,1,Yshang,552,412
Num18939.json,Num18939.png,1,Yshang,552,412
Num18941.json,Num18941.png,1,Yshang,552,412
Num19665.json,Num19665.png,1,Yshang,552,412
Num19667.json,Num19667.png,1,Yshang,552,412
Num19668.json,Num19668.png,1,Yshang,552,412
Num1968.json,Num1968.png,1,Yshang,552,412
Num1984.json,Num1984.png,1,Yshang,552,412
Num201.json,Num201.png,2,Hshang;Yshang,552,412
Num2015.json,Num2015.png,1,Yshang,552,412
Num2019.json,Num2019.png,1,Yshang,552,412
Num2021.json,Num2021.png,2,Hshang;Yshang,552,412
Num2023.json,Num2023.png,1,Yshang,552,412
Num20287.json,Num20287.png,1,Yshang,552,412
Num203.json,Num203.png,3,Hshang;Yshang,552,412
Num2034.json,Num2034.png,1,Yshang,552,412
Num2036.json,Num2036.png,1,Yshang,552,412
Num2040.json,Num2040.png,1,Yshang,552,412
Num20484.json,Num20484.png,1,Yshang,552,412
Num205.json,Num205.png,3,Hshang;Yshang,552,412
Num207.json,Num207.png,3,Hshang;Yshang,552,412
Num20700.json,Num20700.png,1,Yshang,552,412
Num20999.json,Num20999.png,2,Yshang,552,412
Num21275.json,Num21275.png,1,Yshang,552,412
Num213.json,Num213.png,1,Yshang,552,412
Num21439.json,Num21439.png,1,Yshang,552,412
Num2150.json,Num2150.png,1,Yshang,552,412
Num21652.json,Num21652.png,1,Yshang,552,412
Num21678.json,Num21678.png,1,Yshang,552,412
Num2170.json,Num2170.png,1,Yshang,552,412
Num2172.json,Num2172.png,1,Yshang,552,412
Num2174.json,Num2174.png,1,Yshang,552,412
Num2176.json,Num2176.png,1,Yshang,552,412
Num218.json,Num218.png,1,Yshang,552,412
Num21835.json,Num21835.png,1,Yshang,552,412
Num21839.json,Num21839.png,1,Yshang,552,412
Num21908.json,Num21908.png,1,Yshang,552,412
Num2217.json,Num2217.png,1,Yshang,552,412
Num2219.json,Num2219.png,1,Yshang,552,412
Num22252.json,Num22252.png,1,Yshang,552,412
Num22531.json,Num22531.png,1,Yshang,552,412
Num23.json,Num23.png,1,Yshang,552,412
Num2307.json,Num2307.png,1,Yshang,552,412
Num2309.json,Num2309.png,1,Yshang,552,412
Num2328.json,Num2328.png,1,Yshang,552,412
Num23577.json,Num23577.png,1,Yshang,552,412
Num23734.json,Num23734.png,1,Yshang,552,412
Num2375.json,Num2375.png,1,Yshang,552,412
Num2385.json,Num2385.png,2,Yshang,552,412
Num2387.json,Num2387.png,2,Hshang;Yshang,552,412
Num2388.json,Num2388.png,2,Hshang;Yshang,552,412
Num2391.json,Num2391.png,2,Hshang;Yshang,552,412
Num2409.json,Num2409.png,1,Yshang,552,412
Num2412.json,Num2412.png,2,Hshang;Yshang,552,412
Num2413.json,Num2413.png,1,Yshang,552,412
Num2415.json,Num2415.png,1,Yshang,552,412
Num2416.json,Num2416.png,2,Hshang;Yshang,552,412
Num24267.json,Num24267.png,1,Yshang,552,412
Num24271.json,Num24271.png,1,Yshang,552,412
Num244.json,Num244.png,1,Yshang,552,412
Num2443.json,Num2443.png,1,Yshang,552,412
Num2447.json,Num2447.png,1,Yshang,552,412
Num24740.json,Num24740.png,1,Yshang,552,412
Num24969.json,Num24969.png,1,Yshang,552,412
Num2533.json,Num2533.png,1,Yshang,552,412
Num25568.json,Num25568.png,1,Yshang,552,412
Num2581.json,Num2581.png,1,Yshang,552,412
Num2598.json,Num2598.png,1,Yshang,552,412
Num2604.json,Num2604.png,1,Yshang,552,412
Num2606.json,Num2606.png,1,Yshang,552,412
Num2608.json,Num2608.png,1,Yshang,552,412
Num26159.json,Num26159.png,1,Yshang,552,412
Num2618.json,Num2618.png,1,Yshang,552,412
Num2622.json,Num2622.png,1,Yshang,552,412
Num26515.json,Num26515.png,1,Yshang,552,412
Num2655.json,Num2655.png,1,Yshang,552,412
Num26671.json,Num26671.png,1,Yshang,552,412
Num26745.json,Num26745.png,1,Yshang,552,412
Num26747.json,Num26747.png,1,Yshang,552,412
Num2687.json,Num2687.png,1,Yshang,552,412
Num270.json,Num270.png,3,Hshang;Yshang,552,412
Num27008.json,Num27008.png,1,Yshang,552,412
Num272.json,Num272.png,1,Yshang,552,412
Num2747.json,Num2747.png,1,Yshang,552,412
Num2749.json,Num2749.png,2,Hshang;Yshang,552,412
Num2772.json,Num2772.png,1,Yshang,552,412
Num2779.json,Num2779.png,2,Yshang,552,412
Num2785.json,Num2785.png,1,Yshang,552,412
Num2787.json,Num2787.png,1,Yshang,552,412
Num27889.json,Num27889.png,1,Yshang,552,412
Num2789.json,Num2789.png,1,Yshang,552,412
Num2791.json,Num2791.png,1,Yshang,552,412
Num2796.json,Num2796.png,1,Yshang,552,412
Num2798.json,Num2798.png,1,Yshang,552,412
Num28.json,Num28.png,1,Yshang,552,412
Num2812.json,Num2812.png,1,Yshang,552,412
Num2816.json,Num2816.png,1,Yshang,552,412
Num2832.json,Num2832.png,1,Yshang,552,412
Num2835.json,Num2835.png,1,Yshang,552,412
Num28651.json,Num28651.png,1,Yshang,552,412
Num28655.json,Num28655.png,1,Yshang,552,412
Num2866.json,Num2866.png,1,Yshang,552,412
Num2870.json,Num2870.png,1,Yshang,552,412
Num2930.json,Num2930.png,1,Yshang,552,412
Num2932.json,Num2932.png,1,Yshang,552,412
Num2936.json,Num2936.png,1,Yshang,552,412
Num295.json,Num295.png,1,Yshang,552,412
Num298.json,Num298.png,1,Yshang,552,412
Num2986.json,Num2986.png,1,Yshang,552,412
Num2988.json,Num2988.png,1,Yshang,552,412
Num299.json,Num299.png,1,Yshang,552,412
Num3.json,Num3.png,1,Yshang,552,412
Num300.json,Num300.png,1,Yshang,552,412
Num3018.json,Num3018.png,1,Yshang,552,412
Num304.json,Num304.png,1,Yshang,552,412
Num30807.json,Num30807.png,1,Yshang,552,412
Num309.json,Num309.png,1,Yshang,552,412
Num3100.json,Num3100.png,1,Yshang,552,412
Num322.json,Num322.png,1,Yshang,552,412
Num326.json,Num326.png,2,Yshang,552,412
Num328.json,Num328.png,2,Yshang,552,412
Num32810.json,Num32810.png,1,Yshang,552,412
Num32816.json,Num32816.png,1,Yshang,552,412
Num3302.json,Num3302.png,1,Yshang,552,412
Num3314.json,Num3314.png,3,Cshang;Yshang,552,412
Num3316.json,Num3316.png,4,Cshang;Hshang;Yshang,552,412
Num3318.json,Num3318.png,3,Cshang;Yshang,552,412
Num3320.json,Num3320.png,3,Cshang;Yshang,552,412
Num3327.json,Num3327.png,1,Yshang,552,412
Num3375.json,Num3375.png,1,Yshang,552,412
Num3379.json,Num3379.png,1,Yshang,552,412
Num339.json,Num339.png,1,Yshang,552,412
Num34007.json,Num34007.png,1,Yshang,552,412
Num3401.json,Num3401.png,3,Hshang;Yshang,552,412
Num34106.json,Num34106.png,5,OK;Yshang,552,412
Num349.json,Num349.png,1,Yshang,552,412
Num3494.json,Num3494.png,1,Yshang,552,412
Num351.json,Num351.png,1,Yshang,552,412
Num3530.json,Num3530.png,3,Hshang;Yshang,552,412
Num3534.json,Num3534.png,2,Yshang,552,412
Num3561.json,Num3561.png,1,Yshang,552,412
Num3563.json,Num3563.png,1,Yshang,552,412
Num3799.json,Num3799.png,1,Yshang,552,412
Num392.json,Num392.png,1,Yshang,552,412
Num4.json,Num4.png,1,Yshang,552,412
Num402.json,Num402.png,1,Yshang,552,412
Num404.json,Num404.png,1,Yshang,552,412
Num41.json,Num41.png,1,Yshang,552,412
Num410.json,Num410.png,2,Cshang;Yshang,552,412
Num4118.json,Num4118.png,1,Yshang,552,412
Num414.json,Num414.png,2,Cshang;Yshang,552,412
Num4140.json,Num4140.png,1,Yshang,552,412
Num4146.json,Num4146.png,1,Yshang,552,412
Num4148.json,Num4148.png,1,Yshang,552,412
Num4150.json,Num4150.png,1,Yshang,552,412
Num4152.json,Num4152.png,1,Yshang,552,412
Num446.json,Num446.png,1,Yshang,552,412
Num45.json,Num45.png,1,Yshang,552,412
Num453.json,Num453.png,1,Yshang,552,412
Num46.json,Num46.png,1,Yshang,552,412
Num47.json,Num47.png,1,Yshang,552,412
Num481.json,Num481.png,1,Yshang,552,412
Num485.json,Num485.png,1,Yshang,552,412
Num493.json,Num493.png,2,Yshang,552,412
Num494.json,Num494.png,1,Yshang,552,412
Num497.json,Num497.png,1,Yshang,552,412
Num4995.json,Num4995.png,2,Hshang;Yshang,552,412
Num4999.json,Num4999.png,2,Hshang;Yshang,552,412
Num5001.json,Num5001.png,1,Yshang,552,412
Num5003.json,Num5003.png,1,Yshang,552,412
Num5007.json,Num5007.png,1,Yshang,552,412
Num503.json,Num503.png,1,Yshang,552,412
Num509.json,Num509.png,1,Yshang,552,412
Num511.json,Num511.png,1,Yshang,552,412
Num5173.json,Num5173.png,2,Hshang;Yshang,552,412
Num5179.json,Num5179.png,1,Yshang,552,412
Num519.json,Num519.png,1,Yshang,552,412
Num52.json,Num52.png,2,Hshang;Yshang,552,412
Num5258.json,Num5258.png,1,Yshang,552,412
Num5260.json,Num5260.png,1,Yshang,552,412
Num5264.json,Num5264.png,1,Yshang,552,412
Num5281.json,Num5281.png,1,Yshang,552,412
Num5283.json,Num5283.png,1,Yshang,552,412
Num5285.json,Num5285.png,1,Yshang,552,412
Num5287.json,Num5287.png,1,Yshang,552,412
Num529.json,Num529.png,1,Yshang,552,412
Num531.json,Num531.png,1,Yshang,552,412
Num535.json,Num535.png,1,Yshang,552,412
Num54.json,Num54.png,2,Hshang;Yshang,552,412
Num549.json,Num549.png,1,Yshang,552,412
Num55.json,Num55.png,1,Yshang,552,412
Num5506.json,Num5506.png,1,Yshang,536,396
Num5507.json,Num5507.png,1,Yshang,552,412
Num5509.json,Num5509.png,1,Yshang,552,412
Num5511.json,Num5511.png,1,Yshang,552,412
Num5585.json,Num5585.png,2,Yshang,552,412
Num5587.json,Num5587.png,1,Yshang,552,412
Num5591.json,Num5591.png,1,Yshang,552,412
Num56.json,Num56.png,2,Hshang;Yshang,552,412
Num560.json,Num560.png,1,Yshang,552,412
Num5988.json,Num5988.png,4,Hshang;Yshang,552,412
Num60.json,Num60.png,1,Yshang,552,412
Num602.json,Num602.png,1,Yshang,552,412
Num603.json,Num603.png,1,Yshang,552,412
Num6075.json,Num6075.png,2,Yshang,552,412
Num610.json,Num610.png,1,Yshang,552,412
Num614.json,Num614.png,1,Yshang,552,412
Num618.json,Num618.png,1,Yshang,552,412
Num624.json,Num624.png,1,Yshang,552,412
Num6268.json,Num6268.png,1,Yshang,552,412
Num633.json,Num633.png,1,Yshang,552,412
Num637.json,Num637.png,1,Yshang,552,412
Num641.json,Num641.png,1,Yshang,552,412
Num6412.json,Num6412.png,1,Yshang,552,412
Num645.json,Num645.png,1,Yshang,552,412
Num650.json,Num650.png,1,Yshang,536,396
Num652.json,Num652.png,1,Yshang,552,412
Num6569.json,Num6569.png,1,Yshang,552,412
Num6707.json,Num6707.png,2,Yshang,552,412
Num6709.json,Num6709.png,2,Yshang,552,412
Num6711.json,Num6711.png,1,Yshang,552,412
Num6764.json,Num6764.png,1,Yshang,552,412
Num67918.json,Num67918.png,1,Yshang,552,412
Num67920.json,Num67920.png,1,Yshang,552,412
Num68.json,Num68.png,1,Yshang,552,412
Num68060.json,Num68060.png,1,Yshang,536,396
Num69590.json,Num69590.png,1,Yshang,552,412
Num69592.json,Num69592.png,1,Yshang,552,412
Num69594.json,Num69594.png,1,Yshang,552,412
Num69795.json,Num69795.png,1,Yshang,552,412
Num69797.json,Num69797.png,1,Yshang,552,412
Num7.json,Num7.png,1,Yshang,552,412
Num7044.json,Num7044.png,1,Yshang,552,412
Num708.json,Num708.png,2,Hshang;Yshang,552,412
Num712.json,Num712.png,1,Yshang,552,412
Num729.json,Num729.png,2,Hshang;Yshang,552,412
Num735.json,Num735.png,1,Yshang,552,412
Num74.json,Num74.png,1,Yshang,552,412
Num7572.json,Num7572.png,1,Yshang,552,412
Num7576.json,Num7576.png,1,Yshang,552,412
Num7579.json,Num7579.png,1,Yshang,552,412
Num7637.json,Num7637.png,1,Yshang,552,412
Num78.json,Num78.png,1,Yshang,552,412
Num780.json,Num780.png,1,Yshang,552,412
Num784.json,Num784.png,1,Yshang,552,412
Num79.json,Num79.png,4,Hshang;Yshang,552,412
Num798.json,Num798.png,2,Hshang;Yshang,552,412
Num799.json,Num799.png,1,Yshang,552,412
Num8.json,Num8.png,1,Yshang,552,412
Num806.json,Num806.png,1,Yshang,552,412
Num81.json,Num81.png,1,Yshang,552,412
Num8107.json,Num8107.png,1,Yshang,552,412
Num83.json,Num83.png,1,Yshang,552,412
Num8314.json,Num8314.png,1,Yshang,552,412
Num8316.json,Num8316.png,2,Yshang,552,412
Num8341.json,Num8341.png,1,Yshang,552,412
Num8445.json,Num8445.png,1,Yshang,552,412
Num849.json,Num849.png,2,Hshang;Yshang,552,412
Num8518.json,Num8518.png,1,Yshang,552,412
Num8842.json,Num8842.png,1,Yshang,552,412
Num9.json,Num9.png,1,Yshang,552,412
Num9065.json,Num9065.png,1,Yshang,552,412
Num929.json,Num929.png,1,Yshang,552,412
Num930.json,Num930.png,1,Yshang,552,412
Num931.json,Num931.png,1,Yshang,552,412
Num932.json,Num932.png,1,Yshang,552,412
Num933.json,Num933.png,1,Yshang,552,412
Num934.json,Num934.png,1,Yshang,552,412
Num936.json,Num936.png,1,Yshang,552,412
Num944.json,Num944.png,1,Yshang,552,412
Num95412.json,Num95412.png,1,Yshang,552,412
Num96.json,Num96.png,1,Yshang,552,412
Num960.json,Num960.png,1,Yshang,552,412
Num962.json,Num962.png,1,Yshang,552,412
2_Pencil_seg_000001_leftImg8bit.json,2_Pencil_seg_000001_leftImg8bit.png,1,Dwen,480,2048
2_Pencil_seg_000002_leftImg8bit.json,2_Pencil_seg_000002_leftImg8bit.png,6,Dwen,480,2048
2_Pencil_seg_000003_leftImg8bit.json,2_Pencil_seg_000003_leftImg8bit.png,6,Dwen,480,2048
2_Pencil_seg_000004_leftImg8bit.json,2_Pencil_seg_000004_leftImg8bit.png,5,Dwen,480,2048
2_Pencil_seg_000005_leftImg8bit.json,2_Pencil_seg_000005_leftImg8bit.png,7,Dwen,480,2048
2_Pencil_seg_000006_leftImg8bit.json,2_Pencil_seg_000006_leftImg8bit.png,6,Dwen,480,2048
2_Pencil_seg_000007_leftImg8bit.json,2_Pencil_seg_000007_leftImg8bit.png,6,Dwen,480,2048
2_Pencil_seg_000008_leftImg8bit.json,2_Pencil_seg_000008_leftImg8bit.png,5,Dwen,480,2048
2_Pencil_seg_000009_leftImg8bit.json,2_Pencil_seg_000009_leftImg8bit.png,1,Dwen,480,2048
2_Pencil_seg_000010_leftImg8bit.json,2_Pencil_seg_000010_leftImg8bit.png,1,Dwen,480,2048
2_Pencil_seg_000011_leftImg8bit.json,2_Pencil_seg_000011_leftImg8bit.png,5,Dwen,480,2048
2_Pencil_seg_000012_leftImg8bit.json,2_Pencil_seg_000012_leftImg8bit.png,9,Dwen,480,2048
2_Pencil_seg_000013_leftImg8bit.json,2_Pencil_seg_000013_leftImg8bit.png,1,Dwen,480,2048
2_Pencil_seg_000014_leftImg8bit.json,2_Pencil_seg_000014_leftImg8bit.png,1,Dwen,480,2048
2_Pencil_seg_000015_leftImg8bit.json,2_Pencil_seg_000015_leftImg8bit.png,1,Dwen,480,2048
2_Pencil_seg_000016_leftImg8bit.json,2_Pencil_seg_000016_leftImg8bit.png,1,Dwen,480,2048
2_Pencil_seg_000017_leftImg8bit.json,2_Pencil_seg_000017_leftImg8bit.png,1,Dwen,480,2048
2_Pencil_seg_000018_leftImg8bit.json,2_Pencil_seg_000018_leftImg8bit.png,1,Dwen,480,2048
2_Pencil_seg_000019_leftImg8bit.json,2_Pencil_seg_000019_leftImg8bit.png,1,Dwen,480,2048
2_Pencil_seg_000020_leftImg8bit.json,2_Pencil_seg_000020_leftImg8bit.png,1,Dwen,480,2048
2_Pencil_seg_000021_leftImg8bit.json,2_Pencil_seg_000021_leftImg8bit.png,1,Dwen,480,2048
2_Pencil_seg_000022_leftImg8bit.json,2_Pencil_seg_000022_leftImg8bit.png,1,Dwen,480,2048
2_Pencil_seg_000023_leftImg8bit.json,2_Pencil_seg_000023_leftImg8bit.png,1,Dwen,480,2048
2_Pencil_seg_000024_leftImg8bit.json,2_Pencil_seg_000024_leftImg8bit.png,1,Dwen,480,2048
2_Pencil_seg_000025_leftImg8bit.json,2_Pencil_seg_000025_leftImg8bit.png,1,Dwen,480,2048
2_Pencil_seg_000026_leftImg8bit.json,2_Pencil_seg_000026_leftImg8bit.png,1,Dwen,480,2048
2_Pencil_seg_000027_leftImg8bit.json,2_Pencil_seg_000027_leftImg8bit.png,1,Dwen,480,2048
2_Pencil_seg_000028_leftImg8bit.json,2_Pencil_seg_000028_leftImg8bit.png,1,Dwen,480,2048
2_Pencil_seg_000029_leftImg8bit.json,2_Pencil_seg_000029_leftImg8bit.png,1,Dwen,480,2048
2_Pencil_seg_000030_leftImg8bit.json,2_Pencil_seg_000030_leftImg8bit.png,1,Dwen,480,2048
2_Pencil_seg_000031_leftImg8bit.json,2_Pencil_seg_000031_leftImg8bit.png,1,Dwen,480,2048
2_Pencil_seg_000032_leftImg8bit.json,2_Pencil_seg_000032_leftImg8bit.png,1,Dwen,480,2048
2_Pencil_seg_000033_leftImg8bit.json,2_Pencil_seg_000033_leftImg8bit.png,1,Dwen,480,2048
2_Pencil_seg_000034_leftImg8bit.json,2_Pencil_seg_000034_leftImg8bit.png,1,Dwen,480,2048
2_Pencil_seg_000035_leftImg8bit.json,2_Pencil_seg_000035_leftImg8bit.png,1,Dwen,480,2048
2_Pencil_seg_000036_leftImg8bit.json,2_Pencil_seg_000036_leftImg8bit.png,1,Dwen,480,2048
2_Pencil_seg_000037_leftImg8bit.json,2_Pencil_seg_000037_leftImg8bit.png,1,Dwen,480,2048
2_Pencil_seg_000038_leftImg8bit.json,2_Pencil_seg_000038_leftImg8bit.png,1,Dwen,480,2048
2_Pencil_seg_000039_leftImg8bit.json,2_Pencil_seg_000039_leftImg8bit.png,1,Dwen,480,2048
2_Pencil_seg_000040_leftImg8bit.json,2_Pencil_seg_000040_leftImg8bit.png,1,Dwen,480,2048
2_Pencil_seg_000041_leftImg8bit.json,2_Pencil_seg_000041_leftImg8bit.png,1,Dwen,480,2048
2_Pencil_seg_000042_leftImg8bit.json,2_Pencil_seg_000042_leftImg8bit.png,1,Dwen,480,2048
2_Pencil_seg_000043_leftImg8bit.json,2_Pencil_seg_000043_leftImg8bit.png,1,Dwen,480,2048
2_Pencil_seg_000044_leftImg8bit.json,2_Pencil_seg_000044_leftImg8bit.png,9,Dwen,480,2048
2_Pencil_seg_000045_leftImg8bit.json,2_Pencil_seg_000045_leftImg8bit.png,10,Dwen,480,2048
2_Pencil_seg_000046_leftImg8bit.json,2_Pencil_seg_000046_leftImg8bit.png,1,Dwen,480,2048
2_Pencil_seg_000047_leftImg8bit.json,2_Pencil_seg_000047_leftImg8bit.png,10,Dwen,480,2048
2_Pencil_seg_000048_leftImg8bit.json,2_Pencil_seg_000048_leftImg8bit.png,9,Dwen,480,2048
2_Pencil_seg_000049_leftImg8bit.json,2_Pencil_seg_000049_leftImg8bit.png,9,Dwen,480,2048
2_Pencil_seg_000050_leftImg8bit.json,2_Pencil_seg_000050_leftImg8bit.png,12,Dwen,480,2048
2_Pencil_seg_000051_leftImg8bit.json,2_Pencil_seg_000051_leftImg8bit.png,11,Dwen,480,2048
2_Pencil_seg_000052_leftImg8bit.json,2_Pencil_seg_000052_leftImg8bit.png,5,Dwen,480,2048
2_Pencil_seg_000053_leftImg8bit.json,2_Pencil_seg_000053_leftImg8bit.png,4,Dwen,480,2048
2_Pencil_seg_000054_leftImg8bit.json,2_Pencil_seg_000054_leftImg8bit.png,3,Dwen,480,2048
2_Pencil_seg_000055_leftImg8bit.json,2_Pencil_seg_000055_leftImg8bit.png,5,Dwen,480,2048
2_Pencil_seg_000056_leftImg8bit.json,2_Pencil_seg_000056_leftImg8bit.png,5,Dwen,480,2048
2_Pencil_seg_000057_leftImg8bit.json,2_Pencil_seg_000057_leftImg8bit.png,1,Dwen,480,2048
2_Pencil_seg_000058_leftImg8bit.json,2_Pencil_seg_000058_leftImg8bit.png,1,Dwen,480,2048
2_Pencil_seg_000059_leftImg8bit.json,2_Pencil_seg_000059_leftImg8bit.png,5,Dwen,480,2048
2_Pencil_seg_000060_leftImg8bit.json,2_Pencil_seg_000060_leftImg8bit.png,6,Dwen,480,2048
2_Pencil_seg_000061_leftImg8bit.json,2_Pencil_seg_000061_leftImg8bit.png,2,Dwen,480,2048
2_Pencil_seg_000062_leftImg8bit.json,2_Pencil_seg_000062_leftImg8bit.png,3,Dwen,480,2048
2_Pencil_seg_000063_leftImg8bit.json,2_Pencil_seg_000063_leftImg8bit.png,5,Dwen,480,2048
2_Pencil_seg_000064_leftImg8bit.json,2_Pencil_seg_000064_leftImg8bit.png,4,Dwen,480,2048
2_Pencil_seg_000065_leftImg8bit.json,2_Pencil_seg_000065_leftImg8bit.png,4,Dwen,480,2048
2_Pencil_seg_000066_leftImg8bit.json,2_Pencil_seg_000066_leftImg8bit.png,4,Dwen,480,2048
2_Pencil_seg_000067_leftImg8bit.json,2_Pencil_seg_000067_leftImg8bit.png,5,Dwen,480,2048
2_Pencil_seg_000068_leftImg8bit.json,2_Pencil_seg_000068_leftImg8bit.png,1,Dwen,480,2048
2_Pencil_seg_000069_leftImg8bit.json,2_Pencil_seg_000069_leftImg8bit.png,4,Dwen,480,2048
2_Pencil_seg_000070_leftImg8bit.json,2_Pencil_seg_000070_leftImg8bit.png,5,Dwen,480,2048
2_Pencil_seg_000071_leftImg8bit.json,2_Pencil_seg_000071_leftImg8bit.png,5,Dwen,480,2048
2_Pencil_seg_000072_leftImg8bit.json,2_Pencil_seg_000072_leftImg8bit.png,5,Dwen,480,2048
2_Pencil_seg_000073_leftImg8bit.json,2_Pencil_seg_000073_leftImg8bit.png,5,Dwen,480,2048
2_Pencil_seg_000074_leftImg8bit.json,2_Pencil_seg_000074_leftImg8bit.png,5,Dwen,480,2048
2_Pencil_seg_000075_leftImg8bit.json,2_Pencil_seg_000075_leftImg8bit.png,5,Dwen,480,2048
2_Pencil_seg_000076_leftImg8bit.json,2_Pencil_seg_000076_leftImg8bit.png,1,Dwen,480,2048
2_Pencil_seg_000077_leftImg8bit.json,2_Pencil_seg_000077_leftImg8bit.png,1,Dwen,480,2048
2_Pencil_seg_000078_leftImg8bit.json,2_Pencil_seg_000078_leftImg8bit.png,2,Dwen,480,2048
2_Pencil_seg_000079_leftImg8bit.json,2_Pencil_seg_000079_leftImg8bit.png,1,Dwen,480,2048
2_Pencil_seg_000080_leftImg8bit.json,2_Pencil_seg_000080_leftImg8bit.png,1,Dwen,480,2048
2_Pencil_seg_000081_leftImg8bit.json,2_Pencil_seg_000081_leftImg8bit.png,5,Dwen,480,2048
2_Pencil_seg_000082_leftImg8bit.json,2_Pencil_seg_000082_leftImg8bit.png,2,Dwen,480,2048
2_Pencil_seg_000083_leftImg8bit.json,2_Pencil_seg_000083_leftImg8bit.png,7,Dwen,480,2048
2_Pencil_seg_000084_leftImg8bit.json,2_Pencil_seg_000084_leftImg8bit.png,8,Dwen,480,2048
2_Pencil_seg_000085_leftImg8bit.json,2_Pencil_seg_000085_leftImg8bit.png,2,Dwen,480,2048
2_Pencil_seg_000086_leftImg8bit.json,2_Pencil_seg_000086_leftImg8bit.png,1,Dwen,480,2048
2_Pencil_seg_000087_leftImg8bit.json,2_Pencil_seg_000087_leftImg8bit.png,2,Dwen,480,2048
2_Pencil_seg_000088_leftImg8bit.json,2_Pencil_seg_000088_leftImg8bit.png,1,Dwen,480,2048
2_Pencil_seg_000089_leftImg8bit.json,2_Pencil_seg_000089_leftImg8bit.png,2,Dwen,480,2048
2_Pencil_seg_000090_leftImg8bit.json,2_Pencil_seg_000090_leftImg8bit.png,4,Dwen,480,2048
2_Pencil_seg_000091_leftImg8bit.json,2_Pencil_seg_000091_leftImg8bit.png,1,Dwen,480,2048
2_Pencil_seg_000092_leftImg8bit.json,2_Pencil_seg_000092_leftImg8bit.png,2,Dwen,480,2048
2_Pencil_seg_000093_leftImg8bit.json,2_Pencil_seg_000093_leftImg8bit.png,1,Dwen,480,2048
2_Pencil_seg_000094_leftImg8bit.json,2_Pencil_seg_000094_leftImg8bit.png,1,Dwen,480,2048
2_Pencil_seg_000095_leftImg8bit.json,2_Pencil_seg_000095_leftImg8bit.png,1,Dwen,480,2048
2_Pencil_seg_000096_leftImg8bit.json,2_Pencil_seg_000096_leftImg8bit.png,4,Dwen,480,2048
2_Pencil_seg_000097_leftImg8bit.json,2_Pencil_seg_000097_leftImg8bit.png,1,Dwen,480,2048
2_Pencil_seg_000098_leftImg8bit.json,2_Pencil_seg_000098_leftImg8bit.png,2,Dwen,480,2048
2_Pencil_seg_000099_leftImg8bit.json,2_Pencil_seg_000099_leftImg8bit.png,3,Dwen,480,2048
2_Pencil_seg_000100_leftImg8bit.json,2_Pencil_seg_000100_leftImg8bit.png,2,Dwen,480,2048
2_Pencil_seg_000101_leftImg8bit.json,2_Pencil_seg_000101_leftImg8bit.png,3,Dwen,480,2048
2_Pencil_seg_000102_leftImg8bit.json,2_Pencil_seg_000102_leftImg8bit.png,1,Dwen,480,2048
2_Pencil_seg_000103_leftImg8bit.json,2_Pencil_seg_000103_leftImg8bit.png,4,Dwen,480,2048
2_Pencil_seg_000104_leftImg8bit.json,2_Pencil_seg_000104_leftImg8bit.png,3,Dwen,480,2048
2_Pencil_seg_000105_leftImg8bit.json,2_Pencil_seg_000105_leftImg8bit.png,3,Dwen,480,2048
2_Pencil_seg_000106_leftImg8bit.json,2_Pencil_seg_000106_leftImg8bit.png,3,Dwen,480,2048
2_Pencil_seg_000107_leftImg8bit.json,2_Pencil_seg_000107_leftImg8bit.png,3,Dwen,480,2048
2_Pencil_seg_000108_leftImg8bit.json,2_Pencil_seg_000108_leftImg8bit.png,2,Dwen,480,2048
2_Pencil_seg_000109_leftImg8bit.json,2_Pencil_seg_000109_leftImg8bit.png,6,Dwen,480,2048
2_Pencil_seg_000110_leftImg8bit.json,2_Pencil_seg_000110_leftImg8bit.png,2,Dwen,480,2048
2_Pencil_seg_000111_leftImg8bit.json,2_Pencil_seg_000111_leftImg8bit.png,3,Dwen,480,2048
2_Pencil_seg_000112_leftImg8bit.json,2_Pencil_seg_000112_leftImg8bit.png,2,Dwen,480,2048
2_Pencil_seg_000113_leftImg8bit.json,2_Pencil_seg_000113_leftImg8bit.png,1,Dwen,480,2048
2_Pencil_seg_000114_leftImg8bit.json,2_Pencil_seg_000114_leftImg8bit.png,2,Dwen,480,2048
2_Pencil_seg_000115_leftImg8bit.json,2_Pencil_seg_000115_leftImg8bit.png,8,Dwen,480,2048
2_Pencil_seg_000116_leftImg8bit.json,2_Pencil_seg_000116_leftImg8bit.png,2,Dwen,480,2048
2_Pencil_seg_000117_leftImg8bit.json,2_Pencil_seg_000117_leftImg8bit.png,2,Dwen,480,2048
2_Pencil_seg_000118_leftImg8bit.json,2_Pencil_seg_000118_leftImg8bit.png,6,Dwen,480,2048
2_Pencil_seg_000119_leftImg8bit.json,2_Pencil_seg_000119_leftImg8bit.png,6,Dwen,480,2048
2_Pencil_seg_000120_leftImg8bit.json,2_Pencil_seg_000120_leftImg8bit.png,5,Dwen,480,2048
2_Pencil_seg_000121_leftImg8bit.json,2_Pencil_seg_000121_leftImg8bit.png,4,Dwen,480,2048
2_Pencil_seg_000122_leftImg8bit.json,2_Pencil_seg_000122_leftImg8bit.png,7,Dwen,480,2048
2_Pencil_seg_000123_leftImg8bit.json,2_Pencil_seg_000123_leftImg8bit.png,5,Dwen,480,2048
2_Pencil_seg_000124_leftImg8bit.json,2_Pencil_seg_000124_leftImg8bit.png,1,Dwen,480,2048
2_Pencil_seg_000125_leftImg8bit.json,2_Pencil_seg_000125_leftImg8bit.png,7,Dwen,480,2048
2_Pencil_seg_000126_leftImg8bit.json,2_Pencil_seg_000126_leftImg8bit.png,8,Dwen,480,2048
2_Pencil_seg_000127_leftImg8bit.json,2_Pencil_seg_000127_leftImg8bit.png,3,Dwen,480,2048
2_Pencil_seg_000001_leftImg8bit.json,2_Pencil_seg_000001_leftImg8bit.png,1,Dwen,480,2048
2_Pencil_seg_000002_leftImg8bit.json,2_Pencil_seg_000002_leftImg8bit.png,2,Dwen,480,2048
2_Pencil_seg_000003_leftImg8bit.json,2_Pencil_seg_000003_leftImg8bit.png,4,Dwen,480,2048
2_Pencil_seg_000004_leftImg8bit.json,2_Pencil_seg_000004_leftImg8bit.png,2,Dwen,480,2048
2_Pencil_seg_000005_leftImg8bit.json,2_Pencil_seg_000005_leftImg8bit.png,13,Dwen,480,2048
2_Pencil_seg_000006_leftImg8bit.json,2_Pencil_seg_000006_leftImg8bit.png,5,Dwen,480,2048
2_Pencil_seg_000007_leftImg8bit.json,2_Pencil_seg_000007_leftImg8bit.png,4,Dwen,480,2048
2_Pencil_seg_000008_leftImg8bit.json,2_Pencil_seg_000008_leftImg8bit.png,4,Dwen,480,2048
2_Pencil_seg_000009_leftImg8bit.json,2_Pencil_seg_000009_leftImg8bit.png,3,Dwen,480,2048
2_Pencil_seg_000010_leftImg8bit.json,2_Pencil_seg_000010_leftImg8bit.png,4,Dwen,480,2048
2_Pencil_seg_000011_leftImg8bit.json,2_Pencil_seg_000011_leftImg8bit.png,5,Dwen,480,2048
2_Pencil_seg_000012_leftImg8bit.json,2_Pencil_seg_000012_leftImg8bit.png,1,Dwen,480,2048
2_Pencil_seg_000013_leftImg8bit.json,2_Pencil_seg_000013_leftImg8bit.png,2,Dwen,480,2048
2_Pencil_seg_000014_leftImg8bit.json,2_Pencil_seg_000014_leftImg8bit.png,3,Dwen,480,2048
2_Pencil_seg_000015_leftImg8bit.json,2_Pencil_seg_000015_leftImg8bit.png,6,Dwen,480,2048
2_Pencil_seg_000016_leftImg8bit.json,2_Pencil_seg_000016_leftImg8bit.png,3,Dwen,480,2048
2_Pencil_seg_000017_leftImg8bit.json,2_Pencil_seg_000017_leftImg8bit.png,4,Dwen,480,2048
2_Pencil_seg_000018_leftImg8bit.json,2_Pencil_seg_000018_leftImg8bit.png,5,Dwen,480,2048
2_Pencil_seg_000019_leftImg8bit.json,2_Pencil_seg_000019_leftImg8bit.png,3,Dwen,480,2048
2_Pencil_seg_000020_leftImg8bit.json,2_Pencil_seg_000020_leftImg8bit.png,5,Dwen,480,2048
2_Pencil_seg_000021_leftImg8bit.json,2_Pencil_seg_000021_leftImg8bit.png,6,Dwen,480,2048
2_Pencil_seg_000022_leftImg8bit.json,2_Pencil_seg_000022_leftImg8bit.png,7,Dwen,480,2048
2_Pencil_seg_000023_leftImg8bit.json,2_Pencil_seg_000023_leftImg8bit.png,1,Dwen,480,2048
2_Pencil_seg_000024_leftImg8bit.json,2_Pencil_seg_000024_leftImg8bit.png,8,Dwen,480,2048
2_Pencil_seg_000025_leftImg8bit.json,2_Pencil_seg_000025_leftImg8bit.png,8,Dwen,480,2048
2_Pencil_seg_000026_leftImg8bit.json,2_Pencil_seg_000026_leftImg8bit.png,7,Dwen,480,2048
2_Pencil_seg_000027_leftImg8bit.json,2_Pencil_seg_000027_leftImg8bit.png,6,Dwen,480,2048
2_Pencil_seg_000028_leftImg8bit.json,2_Pencil_seg_000028_leftImg8bit.png,4,Dwen,480,2048
2_Pencil_seg_000029_leftImg8bit.json,2_Pencil_seg_000029_leftImg8bit.png,5,Dwen,480,2048
2_Pencil_seg_000030_leftImg8bit.json,2_Pencil_seg_000030_leftImg8bit.png,4,Dwen,480,2048
2_Pencil_seg_000031_leftImg8bit.json,2_Pencil_seg_000031_leftImg8bit.png,4,Dwen,480,2048
2_Pencil_seg_000032_leftImg8bit.json,2_Pencil_seg_000032_leftImg8bit.png,8,Dwen,480,2048
2_Pencil_seg_000033_leftImg8bit.json,2_Pencil_seg_000033_leftImg8bit.png,8,Dwen,480,2048
2_Pencil_seg_000034_leftImg8bit.json,2_Pencil_seg_000034_leftImg8bit.png,1,Dwen,480,2048
2_Pencil_seg_000035_leftImg8bit.json,2_Pencil_seg_000035_leftImg8bit.png,6,Dwen,480,2048
2_Pencil_seg_000036_leftImg8bit.json,2_Pencil_seg_000036_leftImg8bit.png,1,Dwen,480,2048
2_Pencil_seg_000037_leftImg8bit.json,2_Pencil_seg_000037_leftImg8bit.png,3,Dwen,480,2048
2_Pencil_seg_000038_leftImg8bit.json,2_Pencil_seg_000038_leftImg8bit.png,2,Dwen,480,2048
2_Pencil_seg_000039_leftImg8bit.json,2_Pencil_seg_000039_leftImg8bit.png,2,Dwen,480,2048
2_Pencil_seg_000040_leftImg8bit.json,2_Pencil_seg_000040_leftImg8bit.png,2,Dwen,480,2048
2_Pencil_seg_000041_leftImg8bit.json,2_Pencil_seg_000041_leftImg8bit.png,2,Dwen,480,2048
2_Pencil_seg_000042_leftImg8bit.json,2_Pencil_seg_000042_leftImg8bit.png,3,Dwen,480,2048
2_Pencil_seg_000043_leftImg8bit.json,2_Pencil_seg_000043_leftImg8bit.png,2,Dwen,480,2048
2_Pencil_seg_000044_leftImg8bit.json,2_Pencil_seg_000044_leftImg8bit.png,3,Dwen,480,2048
2_Pencil_seg_000045_leftImg8bit.json,2_Pencil_seg_000045_leftImg8bit.png,1,Dwen,480,2048
2_Pencil_seg_000046_leftImg8bit.json,2_Pencil_seg_000046_leftImg8bit.png,1,Dwen,480,2048
2_Pencil_seg_000047_leftImg8bit.json,2_Pencil_seg_000047_leftImg8bit.png,3,Dwen,480,2048
2_Pencil_seg_000048_leftImg8bit.json,2_Pencil_seg_000048_leftImg8bit.png,4,Dwen,480,2048
2_Pencil_seg_000049_leftImg8bit.json,2_Pencil_seg_000049_leftImg8bit.png,4,Dwen,480,2048
2_Pencil_seg_000050_leftImg8bit.json,2_Pencil_seg_000050_leftImg8bit.png,5,Dwen,480,2048
2_Pencil_seg_000051_leftImg8bit.json,2_Pencil_seg_000051_leftImg8bit.png,6,Dwen,480,2048
2_Pencil_seg_000052_leftImg8bit.json,2_Pencil_seg_000052_leftImg8bit.png,4,Dwen,480,2048
2_Pencil_seg_000053_leftImg8bit.json,2_Pencil_seg_000053_leftImg8bit.png,1,Dwen,480,2048
2_Pencil_seg_000054_leftImg8bit.json,2_Pencil_seg_000054_leftImg8bit.png,3,Dwen,480,2048
2_Pencil_seg_000055_leftImg8bit.json,2_Pencil_seg_000055_leftImg8bit.png,3,Dwen,480,2048
2_Pencil_seg_000056_leftImg8bit.json,2_Pencil_seg_000056_leftImg8bit.png,4,Dwen,480,2048
2_Pencil_seg_000057_leftImg8bit.json,2_Pencil_seg_000057_leftImg8bit.png,3,Dwen,480,2048
2_Pencil_seg_000058_leftImg8bit.json,2_Pencil_seg_000058_leftImg8bit.png,1,Dwen,480,2048
2_Pencil_seg_000059_leftImg8bit.json,2_Pencil_seg_000059_leftImg8bit.png,7,Dwen,480,2048
2_Pencil_seg_000060_leftImg8bit.json,2_Pencil_seg_000060_leftImg8bit.png,1,Dwen,480,2048
2_Pencil_seg_000061_leftImg8bit.json,2_Pencil_seg_000061_leftImg8bit.png,2,Dwen,480,2048
2_Pencil_seg_000062_leftImg8bit.json,2_Pencil_seg_000062_leftImg8bit.png,4,Dwen,480,2048
2_Pencil_seg_000063_leftImg8bit.json,2_Pencil_seg_000063_leftImg8bit.png,3,Dwen,480,2048
2_Pencil_seg_000064_leftImg8bit.json,2_Pencil_seg_000064_leftImg8bit.png,3,Dwen,480,2048
2_Pencil_seg_000065_leftImg8bit.json,2_Pencil_seg_000065_leftImg8bit.png,3,Dwen,480,2048
2_Pencil_seg_000066_leftImg8bit.json,2_Pencil_seg_000066_leftImg8bit.png,1,Dwen,480,2048
2_Pencil_seg_000067_leftImg8bit.json,2_Pencil_seg_000067_leftImg8bit.png,3,Dwen,480,2048
2_Pencil_seg_000068_leftImg8bit.json,2_Pencil_seg_000068_leftImg8bit.png,1,Dwen,480,2048
2_Pencil_seg_000069_leftImg8bit.json,2_Pencil_seg_000069_leftImg8bit.png,1,Dwen,480,2048
2_Pencil_seg_000070_leftImg8bit.json,2_Pencil_seg_000070_leftImg8bit.png,1,Dwen,480,2048
2_Pencil_seg_000071_leftImg8bit.json,2_Pencil_seg_000071_leftImg8bit.png,1,Dwen,480,2048
2_Pencil_seg_000072_leftImg8bit.json,2_Pencil_seg_000072_leftImg8bit.png,7,Dwen,480,2048
2_Pencil_seg_000073_leftImg8bit.json,2_Pencil_seg_000073_leftImg8bit.png,8,Dwen,480,2048
2_Pencil_seg_000074_leftImg8bit.json,2_Pencil_seg_000074_leftImg8bit.png,1,Dwen,480,2048
2_Pencil_seg_000075_leftImg8bit.json,2_Pencil_seg_000075_leftImg8bit.png,1,Dwen,480,2048
2_Pencil_seg_000076_leftImg8bit.json,2_Pencil_seg_000076_leftImg8bit.png,3,Dwen,480,2048
2_Pencil_seg_000077_leftImg8bit.json,2_Pencil_seg_000077_leftImg8bit.png,8,Dwen,480,2048
2_Pencil_seg_000078_leftImg8bit.json,2_Pencil_seg_000078_leftImg8bit.png,8,Dwen,480,2048
2_Pencil_seg_000079_leftImg8bit.json,2_Pencil_seg_000079_leftImg8bit.png,8,Dwen,480,2048
2_Pencil_seg_000080_leftImg8bit.json,2_Pencil_seg_000080_leftImg8bit.png,4,Dwen,480,2048
2_Pencil_seg_000081_leftImg8bit.json,2_Pencil_seg_000081_leftImg8bit.png,4,Dwen,480,2048
2_Pencil_seg_000082_leftImg8bit.json,2_Pencil_seg_000082_leftImg8bit.png,2,Dwen,480,2048
2_Pencil_seg_000083_leftImg8bit.json,2_Pencil_seg_000083_leftImg8bit.png,2,Dwen,480,2048
2_Pencil_seg_000084_leftImg8bit.json,2_Pencil_seg_000084_leftImg8bit.png,1,Dwen,480,2048
2_Pencil_seg_000085_leftImg8bit.json,2_Pencil_seg_000085_leftImg8bit.png,3,Dwen,480,2048
2_Pencil_seg_000086_leftImg8bit.json,2_Pencil_seg_000086_leftImg8bit.png,4,Dwen,480,2048
2_Pencil_seg_000087_leftImg8bit.json,2_Pencil_seg_000087_leftImg8bit.png,2,Dwen,480,2048
2_Pencil_seg_000088_leftImg8bit.json,2_Pencil_seg_000088_leftImg8bit.png,1,Dwen,480,2048
2_Pencil_seg_000089_leftImg8bit.json,2_Pencil_seg_000089_leftImg8bit.png,2,Dwen,480,2048
2_Pencil_seg_000090_leftImg8bit.json,2_Pencil_seg_000090_leftImg8bit.png,4,Dwen,480,2048
2_Pencil_seg_000091_leftImg8bit.json,2_Pencil_seg_000091_leftImg8bit.png,2,Dwen,480,2048
2_Pencil_seg_000092_leftImg8bit.json,2_Pencil_seg_000092_leftImg8bit.png,3,Dwen,480,2048
2_Pencil_seg_000093_leftImg8bit.json,2_Pencil_seg_000093_leftImg8bit.png,3,Dwen,480,2048
2_Pencil_seg_000094_leftImg8bit.json,2_Pencil_seg_000094_leftImg8bit.png,1,Dwen,480,2048
2_Pencil_seg_000095_leftImg8bit.json,2_Pencil_seg_000095_leftImg8bit.png,1,Dwen,480,2048
2_Pencil_seg_000096_leftImg8bit.json,2_Pencil_seg_000096_leftImg8bit.png,1,Dwen,480,2048
2_Pencil_seg_000097_leftImg8bit.json,2_Pencil_seg_000097_leftImg8bit.png,2,Dwen,480,2048
2_Pencil_seg_000098_leftImg8bit.json,2_Pencil_seg_000098_leftImg8bit.png,3,Dwen,480,2048
2_Pencil_seg_000099_leftImg8bit.json,2_Pencil_seg_000099_leftImg8bit.png,2,Dwen,480,2048
2_Pencil_seg_000100_leftImg8bit.json,2_Pencil_seg_000100_leftImg8bit.png,1,Dwen,480,2048
2_Pencil_seg_000101_leftImg8bit.json,2_Pencil_seg_000101_leftImg8bit.png,1,Dwen,480,2048
2_Pencil_seg_000102_leftImg8bit.json,2_Pencil_seg_000102_leftImg8bit.png,1,Dwen,480,2048
2_Pencil_seg_000103_leftImg8bit.json,2_Pencil_seg_000103_leftImg8bit.png,1,Dwen,480,2048
2_Pencil_seg_000104_leftImg8bit.json,2_Pencil_seg_000104_leftImg8bit.png,1,Dwen,480,2048
2_Pencil_seg_000105_leftImg8bit.json,2_Pencil_seg_000105_leftImg8bit.png,2,Dwen,480,2048
2_Pencil_seg_000106_leftImg8bit.json,2_Pencil_seg_000106_leftImg8bit.png,11,Dwen,480,2048
2_Pencil_seg_000107_leftImg8bit.json,2_Pencil_seg_000107_leftImg8bit.png,9,Dwen,480,2048
2_Pencil_seg_000108_leftImg8bit.json,2_Pencil_seg_000108_leftImg8bit.png,8,Dwen,480,2048
2_Pencil_seg_000109_leftImg8bit.json,2_Pencil_seg_000109_leftImg8bit.png,3,Dwen,480,2048
2_Pencil_seg_000110_leftImg8bit.json,2_Pencil_seg_000110_leftImg8bit.png,10,Dwen,480,2048
2_Pencil_seg_000111_leftImg8bit.json,2_Pencil_seg_000111_leftImg8bit.png,4,Dwen,480,2048
2_Pencil_seg_000112_leftImg8bit.json,2_Pencil_seg_000112_leftImg8bit.png,1,Dwen,480,2048
2_Pencil_seg_000113_leftImg8bit.json,2_Pencil_seg_000113_leftImg8bit.png,4,Dwen,480,2048
2_Pencil_seg_000114_leftImg8bit.json,2_Pencil_seg_000114_leftImg8bit.png,2,Dwen,480,2048
2_Pencil_seg_000115_leftImg8bit.json,2_Pencil_seg_000115_leftImg8bit.png,1,Dwen,480,2048
2_Pencil_seg_000116_leftImg8bit.json,2_Pencil_seg_000116_leftImg8bit.png,1,Dwen,480,2048
2_Pencil_seg_000117_leftImg8bit.json,2_Pencil_seg_000117_leftImg8bit.png,1,Dwen,480,2048
2_Pencil_seg_000118_leftImg8bit.json,2_Pencil_seg_000118_leftImg8bit.png,1,Dwen,480,2048
2_Pencil_seg_000119_leftImg8bit.json,2_Pencil_seg_000119_leftImg8bit.png,4,Dwen,480,2048
2_Pencil_seg_000120_leftImg8bit.json,2_Pencil_seg_000120_leftImg8bit.png,1,Dwen,480,2048
2_Pencil_seg_000121_leftImg8bit.json,2_Pencil_seg_000121_leftImg8bit.png,7,Dwen,480,2048
2_Pencil_seg_000122_leftImg8bit.json,2_Pencil_seg_000122_leftImg8bit.png,2,Dwen,480,2048
2_Pencil_seg_000123_leftImg8bit.json,2_Pencil_seg_000123_leftImg8bit.png,4,Dwen,480,2048
2_Pencil_seg_000124_leftImg8bit.json,2_Pencil_seg_000124_leftImg8bit.png,1,Dwen,480,2048
2_Pencil_seg_000125_leftImg8bit.json,2_Pencil_seg_000125_leftImg8bit.png,2,Dwen,480,2048
2_Pencil_seg_000126_leftImg8bit.json,2_Pencil_seg_000126_leftImg8bit.png,2,Dwen,480,2048
2_Pencil_seg_000127_leftImg8bit.json,2_Pencil_seg_000127_leftImg8bit.png,1,Dwen,480,2048
2_Pencil_seg_000128_leftImg8bit.json,2_Pencil_seg_000128_leftImg8bit.png,7,Dwen,480,2048
2_Pencil_seg_000129_leftImg8bit.json,2_Pencil_seg_000129_leftImg8bit.png,2,Dwen,480,2048
2_Pencil_seg_000130_leftImg8bit.json,2_Pencil_seg_000130_leftImg8bit.png,1,Dwen,480,2048
2_Pencil_seg_000131_leftImg8bit.json,2_Pencil_seg_000131_leftImg8bit.png,5,Dwen,480,2048
2_Pencil_seg_000132_leftImg8bit.json,2_Pencil_seg_000132_leftImg8bit.png,1,Dwen,480,2048
2_Pencil_seg_000133_leftImg8bit.json,2_Pencil_seg_000133_leftImg8bit.png,2,Dwen,480,2048
2_Pencil_seg_000134_leftImg8bit.json,2_Pencil_seg_000134_leftImg8bit.png,1,Dwen,480,2048
2_Pencil_seg_000135_leftImg8bit.json,2_Pencil_seg_000135_leftImg8bit.png,1,Dwen,480,2048
2_Pencil_seg_000136_leftImg8bit.json,2_Pencil_seg_000136_leftImg8bit.png,1,Dwen,480,2048
2_Pencil_seg_000137_leftImg8bit.json,2_Pencil_seg_000137_leftImg8bit.png,5,Dwen,480,2048
2_Pencil_seg_000138_leftImg8bit.json,2_Pencil_seg_000138_leftImg8bit.png,3,Dwen,480,2048
2_Pencil_seg_000139_leftImg8bit.json,2_Pencil_seg_000139_leftImg8bit.png,2,Dwen,480,2048
2_Pencil_seg_000140_leftImg8bit.json,2_Pencil_seg_000140_leftImg8bit.png,6,Dwen,480,2048
2_Pencil_seg_000141_leftImg8bit.json,2_Pencil_seg_000141_leftImg8bit.png,3,Dwen,480,2048
2_Pencil_seg_000142_leftImg8bit.json,2_Pencil_seg_000142_leftImg8bit.png,1,Dwen,480,2048
2_Pencil_seg_000143_leftImg8bit.json,2_Pencil_seg_000143_leftImg8bit.png,2,Dwen,480,2048
2_Pencil_seg_000144_leftImg8bit.json,2_Pencil_seg_000144_leftImg8bit.png,1,Dwen,480,2048
2_Pencil_seg_000145_leftImg8bit.json,2_Pencil_seg_000145_leftImg8bit.png,1,Dwen,480,2048
2_Pencil_seg_000146_leftImg8bit.json,2_Pencil_seg_000146_leftImg8bit.png,2,Dwen,480,2048
2_Pencil_seg_000147_leftImg8bit.json,2_Pencil_seg_000147_leftImg8bit.png,2,Dwen,480,2048
2_Pencil_seg_000148_leftImg8bit.json,2_Pencil_seg_000148_leftImg8bit.png,2,Dwen,480,2048
2_Pencil_seg_000149_leftImg8bit.json,2_Pencil_seg_000149_leftImg8bit.png,4,Dwen,480,2048
2_Pencil_seg_000150_leftImg8bit.json,2_Pencil_seg_000150_leftImg8bit.png,2,Dwen,480,2048
2_Pencil_seg_000151_leftImg8bit.json,2_Pencil_seg_000151_leftImg8bit.png,5,Dwen,480,2048
2_Pencil_seg_000152_leftImg8bit.json,2_Pencil_seg_000152_leftImg8bit.png,1,Dwen,480,2048
2_Pencil_seg_000153_leftImg8bit.json,2_Pencil_seg_000153_leftImg8bit.png,1,Dwen,480,2048
2_Pencil_seg_000154_leftImg8bit.json,2_Pencil_seg_000154_leftImg8bit.png,1,Dwen,480,2048
2_Pencil_seg_000155_leftImg8bit.json,2_Pencil_seg_000155_leftImg8bit.png,1,Dwen,480,2048
2_Pencil_seg_000156_leftImg8bit.json,2_Pencil_seg_000156_leftImg8bit.png,1,Dwen,480,2048
2_Pencil_seg_000157_leftImg8bit.json,2_Pencil_seg_000157_leftImg8bit.png,1,Dwen,480,2048
2_Pencil_seg_000158_leftImg8bit.json,2_Pencil_seg_000158_leftImg8bit.png,1,Dwen,480,2048
2_Pencil_seg_000159_leftImg8bit.json,2_Pencil_seg_000159_leftImg8bit.png,1,Dwen,480,2048
2_Pencil_seg_000160_leftImg8bit.json,2_Pencil_seg_000160_leftImg8bit.png,1,Dwen,480,2048
2_Pencil_seg_000161_leftImg8bit.json,2_Pencil_seg_000161_leftImg8bit.png,2,Dwen,480,2048
2_Pencil_seg_000162_leftImg8bit.json,2_Pencil_seg_000162_leftImg8bit.png,1,Dwen,480,2048
2_Pencil_seg_000163_leftImg8bit.json,2_Pencil_seg_000163_leftImg8bit.png,1,Dwen,480,2048
2_Pencil_seg_000164_leftImg8bit.json,2_Pencil_seg_000164_leftImg8bit.png,1,Dwen,480,2048
2_Pencil_seg_000165_leftImg8bit.json,2_Pencil_seg_000165_leftImg8bit.png,1,Dwen,480,2048
2_Pencil_seg_000166_leftImg8bit.json,2_Pencil_seg_000166_leftImg8bit.png,1,Dwen,480,2048
2_Pencil_seg_000167_leftImg8bit.json,2_Pencil_seg_000167_leftImg8bit.png,1,Dwen,480,2048
2_Pencil_seg_000168_leftImg8bit.json,2_Pencil_seg_000168_leftImg8bit.png,1,Dwen,480,2048
2_Pencil_seg_000169_leftImg8bit.json,2_Pencil_seg_000169_leftImg8bit.png,1,Dwen,480,2048
2_Pencil_seg_000170_leftImg8bit.json,2_Pencil_seg_000170_leftImg8bit.png,2,Dwen,480,2048
2_Pencil_seg_000171_leftImg8bit.json,2_Pencil_seg_000171_leftImg8bit.png,2,Dwen,480,2048
2_Pencil_seg_000172_leftImg8bit.json,2_Pencil_seg_000172_leftImg8bit.png,1,Dwen,480,2048
2_Pencil_seg_000173_leftImg8bit.json,2_Pencil_seg_000173_leftImg8bit.png,1,Dwen,480,2048
2_Pencil_seg_000174_leftImg8bit.json,2_Pencil_seg_000174_leftImg8bit.png,2,Dwen,480,2048
2_Pencil_seg_000175_leftImg8bit.json,2_Pencil_seg_000175_leftImg8bit.png,1,Dwen,480,2048
2_Pencil_seg_000176_leftImg8bit.json,2_Pencil_seg_000176_leftImg8bit.png,1,Dwen,480,2048
2_Pencil_seg_000177_leftImg8bit.json,2_Pencil_seg_000177_leftImg8bit.png,1,Dwen,480,2048
2_Pencil_seg_000178_leftImg8bit.json,2_Pencil_seg_000178_leftImg8bit.png,1,Dwen,480,2048
2_Pencil_seg_000179_leftImg8bit.json,2_Pencil_seg_000179_leftImg8bit.png,1,Dwen,480,2048
2_Pencil_seg_000180_leftImg8bit.json,2_Pencil_seg_000180_leftImg8bit.png,1,Dwen,480,2048
2_Pencil_seg_000181_leftImg8bit.json,2_Pencil_seg_000181_leftImg8bit.png,1,Dwen,480,2048
2_Pencil_seg_000182_leftImg8bit.json,2_Pencil_seg_000182_leftImg8bit.png,1,Dwen,480,2048
2_Pencil_seg_000183_leftImg8bit.json,2_Pencil_seg_000183_leftImg8bit.png,1,Dwen,480,2048
2_Pencil_seg_000184_leftImg8bit.json,2_Pencil_seg_000184_leftImg8bit.png,1,Dwen,480,2048
2_Pencil_seg_000185_leftImg8bit.json,2_Pencil_seg_000185_leftImg8bit.png,1,Dwen,480,2048
2_Pencil_seg_000186_leftImg8bit.json,2_Pencil_seg_000186_leftImg8bit.png,1,Dwen,480,2048
2_Pencil_seg_000187_leftImg8bit.json,2_Pencil_seg_000187_leftImg8bit.png,1,Dwen,480,2048
2_Pencil_seg_000188_leftImg8bit.json,2_Pencil_seg_000188_leftImg8bit.png,1,Dwen,480,2048
2_Pencil_seg_000189_leftImg8bit.json,2_Pencil_seg_000189_leftImg8bit.png,1,Dwen,480,2048
2_Pencil_seg_000190_leftImg8bit.json,2_Pencil_seg_000190_leftImg8bit.png,2,Dwen,480,2048
2_Pencil_seg_000191_leftImg8bit.json,2_Pencil_seg_000191_leftImg8bit.png,2,Dwen,480,2048
2_Pencil_seg_000192_leftImg8bit.json,2_Pencil_seg_000192_leftImg8bit.png,1,Dwen,480,2048
2_Pencil_seg_000193_leftImg8bit.json,2_Pencil_seg_000193_leftImg8bit.png,1,Dwen,480,2048
2_Pencil_seg_000194_leftImg8bit.json,2_Pencil_seg_000194_leftImg8bit.png,2,Dwen,480,2048
2_Pencil_seg_000195_leftImg8bit.json,2_Pencil_seg_000195_leftImg8bit.png,4,Dwen,480,2048
2_Pencil_seg_000196_leftImg8bit.json,2_Pencil_seg_000196_leftImg8bit.png,5,Dwen,480,2048
2_Pencil_seg_000197_leftImg8bit.json,2_Pencil_seg_000197_leftImg8bit.png,5,Dwen,480,2048
2_Pencil_seg_000198_leftImg8bit.json,2_Pencil_seg_000198_leftImg8bit.png,5,Dwen,480,2048
2_Pencil_seg_000199_leftImg8bit.json,2_Pencil_seg_000199_leftImg8bit.png,1,Dwen,480,2048
2_Pencil_seg_000200_leftImg8bit.json,2_Pencil_seg_000200_leftImg8bit.png,7,Dwen,480,2048
2_Pencil_seg_000201_leftImg8bit.json,2_Pencil_seg_000201_leftImg8bit.png,6,Dwen,480,2048
2_Pencil_seg_000202_leftImg8bit.json,2_Pencil_seg_000202_leftImg8bit.png,5,Dwen,480,2048
2_Pencil_seg_000203_leftImg8bit.json,2_Pencil_seg_000203_leftImg8bit.png,6,Dwen,480,2048
2_Pencil_seg_000204_leftImg8bit.json,2_Pencil_seg_000204_leftImg8bit.png,1,Dwen,480,2048
2_Pencil_seg_000205_leftImg8bit.json,2_Pencil_seg_000205_leftImg8bit.png,1,Dwen,480,2048
2_Pencil_seg_000206_leftImg8bit.json,2_Pencil_seg_000206_leftImg8bit.png,1,Dwen,480,2048
2_Pencil_seg_000207_leftImg8bit.json,2_Pencil_seg_000207_leftImg8bit.png,1,Dwen,480,2048
2_Pencil_seg_000208_leftImg8bit.json,2_Pencil_seg_000208_leftImg8bit.png,1,Dwen,480,2048
2_Pencil_seg_000209_leftImg8bit.json,2_Pencil_seg_000209_leftImg8bit.png,1,Dwen,480,2048
2_Pencil_seg_000210_leftImg8bit.json,2_Pencil_seg_000210_leftImg8bit.png,1,Dwen,480,2048
2_Pencil_seg_000211_leftImg8bit.json,2_Pencil_seg_000211_leftImg8bit.png,1,Dwen,480,2048
2_Pencil_seg_000212_leftImg8bit.json,2_Pencil_seg_000212_leftImg8bit.png,10,Dwen,480,2048
2_Pencil_seg_000213_leftImg8bit.json,2_Pencil_seg_000213_leftImg8bit.png,10,Dwen,480,2048
2_Pencil_seg_000214_leftImg8bit.json,2_Pencil_seg_000214_leftImg8bit.png,3,Dwen,480,2048
2_Pencil_seg_000215_leftImg8bit.json,2_Pencil_seg_000215_leftImg8bit.png,5,Dwen,480,2048
2_Pencil_seg_000216_leftImg8bit.json,2_Pencil_seg_000216_leftImg8bit.png,6,Dwen,480,2048
2_Pencil_seg_000217_leftImg8bit.json,2_Pencil_seg_000217_leftImg8bit.png,6,Dwen,480,2048
2_Pencil_seg_000218_leftImg8bit.json,2_Pencil_seg_000218_leftImg8bit.png,3,Dwen,480,2048
2_Pencil_seg_000219_leftImg8bit.json,2_Pencil_seg_000219_leftImg8bit.png,8,Dwen,480,2048
2_Pencil_seg_000220_leftImg8bit.json,2_Pencil_seg_000220_leftImg8bit.png,9,Dwen,480,2048
2_Pencil_seg_000221_leftImg8bit.json,2_Pencil_seg_000221_leftImg8bit.png,7,Dwen,480,2048
2_Pencil_seg_000222_leftImg8bit.json,2_Pencil_seg_000222_leftImg8bit.png,6,Dwen,480,2048
2_Pencil_seg_000223_leftImg8bit.json,2_Pencil_seg_000223_leftImg8bit.png,7,Dwen,480,2048
2_Pencil_seg_000224_leftImg8bit.json,2_Pencil_seg_000224_leftImg8bit.png,7,Dwen,480,2048
2_Pencil_seg_000225_leftImg8bit.json,2_Pencil_seg_000225_leftImg8bit.png,9,Dwen,480,2048
2_Pencil_seg_000226_leftImg8bit.json,2_Pencil_seg_000226_leftImg8bit.png,9,Dwen,480,2048
2_Pencil_seg_000227_leftImg8bit.json,2_Pencil_seg_000227_leftImg8bit.png,1,Dwen,480,2048
2_Pencil_seg_000228_leftImg8bit.json,2_Pencil_seg_000228_leftImg8bit.png,3,Dwen,480,2048
2_Pencil_seg_000229_leftImg8bit.json,2_Pencil_seg_000229_leftImg8bit.png,5,Dwen,480,2048
2_Pencil_seg_000230_leftImg8bit.json,2_Pencil_seg_000230_leftImg8bit.png,3,Dwen,480,2048
2_Pencil_seg_000231_leftImg8bit.json,2_Pencil_seg_000231_leftImg8bit.png,2,Dwen,480,2048
2_Pencil_seg_000232_leftImg8bit.json,2_Pencil_seg_000232_leftImg8bit.png,2,Dwen,480,2048
2_Pencil_seg_000233_leftImg8bit.json,2_Pencil_seg_000233_leftImg8bit.png,2,Dwen,480,2048
2_Pencil_seg_000234_leftImg8bit.json,2_Pencil_seg_000234_leftImg8bit.png,3,Dwen,480,2048
2_Pencil_seg_000235_leftImg8bit.json,2_Pencil_seg_000235_leftImg8bit.png,1,Dwen,480,2048
2_Pencil_seg_000236_leftImg8bit.json,2_Pencil_seg_000236_leftImg8bit.png,4,Dwen,480,2048
2_Pencil_seg_000237_leftImg8bit.json,2_Pencil_seg_000237_leftImg8bit.png,4,Dwen,480,2048
2_Pencil_seg_000238_leftImg8bit.json,2_Pencil_seg_000238_leftImg8bit.png,3,Dwen,480,2048
2_Pencil_seg_000239_leftImg8bit.json,2_Pencil_seg_000239_leftImg8bit.png,5,Dwen,480,2048
2_Pencil_seg_000240_leftImg8bit.json,2_Pencil_seg_000240_leftImg8bit.png,3,Dwen,480,2048
2_Pencil_seg_000241_leftImg8bit.json,2_Pencil_seg_000241_leftImg8bit.png,1,Dwen,480,2048
5_b402_seg_000478_leftImg8bit.json,5_b402_seg_000478_leftImg8bit.png,1,Zwu,480,2048
5_b402_seg_000479_leftImg8bit.json,5_b402_seg_000479_leftImg8bit.png,1,Zwu,480,2048
5_b402_seg_000480_leftImg8bit.json,5_b402_seg_000480_leftImg8bit.png,1,Zwu,480,2048
5_b402_seg_000481_leftImg8bit.json,5_b402_seg_000481_leftImg8bit.png,2,Zwu,480,2048
5_b402_seg_000482_leftImg8bit.json,5_b402_seg_000482_leftImg8bit.png,1,Zwu,480,2048
5_b402_seg_000483_leftImg8bit.json,5_b402_seg_000483_leftImg8bit.png,1,Zwu,480,2048
5_b402_seg_000484_leftImg8bit.json,5_b402_seg_000484_leftImg8bit.png,2,Zwu,480,2048
5_b402_seg_000485_leftImg8bit.json,5_b402_seg_000485_leftImg8bit.png,1,Zwu,480,2048
5_b402_seg_000486_leftImg8bit.json,5_b402_seg_000486_leftImg8bit.png,1,Zwu,480,2048
5_b402_seg_000487_leftImg8bit.json,5_b402_seg_000487_leftImg8bit.png,1,Zwu,480,2048
5_b402_seg_000488_leftImg8bit.json,5_b402_seg_000488_leftImg8bit.png,1,Zwu,480,2048
5_b402_seg_000489_leftImg8bit.json,5_b402_seg_000489_leftImg8bit.png,1,Zwu,480,2048
5_b402_seg_000490_leftImg8bit.json,5_b402_seg_000490_leftImg8bit.png,1,Zwu,480,2048
5_b402_seg_000491_leftImg8bit.json,5_b402_seg_000491_leftImg8bit.png,1,Zwu,480,2048
5_b402_seg_000492_leftImg8bit.json,5_b402_seg_000492_leftImg8bit.png,1,Zwu,480,2048
5_b402_seg_000493_leftImg8bit.json,5_b402_seg_000493_leftImg8bit.png,1,Zwu,480,2048
5_b402_seg_000494_leftImg8bit.json,5_b402_seg_000494_leftImg8bit.png,1,Zwu,480,2048
5_b402_seg_000495_leftImg8bit.json,5_b402_seg_000495_leftImg8bit.png,2,Zwu,480,2048
5_b402_seg_000496_leftImg8bit.json,5_b402_seg_000496_leftImg8bit.png,1,Zwu,480,2048
5_b402_seg_000497_leftImg8bit.json,5_b402_seg_000497_leftImg8bit.png,1,Zwu,480,2048
5_b402_seg_000498_leftImg8bit.json,5_b402_seg_000498_leftImg8bit.png,1,Zwu,480,2048
5_b402_seg_000499_leftImg8bit.json,5_b402_seg_000499_leftImg8bit.png,1,Zwu,480,2048
5_b402_seg_000500_leftImg8bit.json,5_b402_seg_000500_leftImg8bit.png,1,Zwu,480,2048
5_b402_seg_000501_leftImg8bit.json,5_b402_seg_000501_leftImg8bit.png,1,Zwu,480,2048
5_b402_seg_000502_leftImg8bit.json,5_b402_seg_000502_leftImg8bit.png,1,Zwu,480,2048
5_b402_seg_000503_leftImg8bit.json,5_b402_seg_000503_leftImg8bit.png,1,Zwu,480,2048
5_b402_seg_000504_leftImg8bit.json,5_b402_seg_000504_leftImg8bit.png,1,Zwu,480,2048
5_b402_seg_000505_leftImg8bit.json,5_b402_seg_000505_leftImg8bit.png,1,Zwu,480,2048
5_b402_seg_000506_leftImg8bit.json,5_b402_seg_000506_leftImg8bit.png,1,Zwu,480,2048
5_b402_seg_000507_leftImg8bit.json,5_b402_seg_000507_leftImg8bit.png,1,Zwu,480,2048
5_b402_seg_000508_leftImg8bit.json,5_b402_seg_000508_leftImg8bit.png,1,Zwu,480,2048
5_b402_seg_000509_leftImg8bit.json,5_b402_seg_000509_leftImg8bit.png,1,Zwu,480,2048
5_b402_seg_000510_leftImg8bit.json,5_b402_seg_000510_leftImg8bit.png,1,Zwu,480,2048
5_b402_seg_000511_leftImg8bit.json,5_b402_seg_000511_leftImg8bit.png,1,Zwu,480,2048
5_b402_seg_000512_leftImg8bit.json,5_b402_seg_000512_leftImg8bit.png,2,Zwu,480,2048
5_b402_seg_000513_leftImg8bit.json,5_b402_seg_000513_leftImg8bit.png,1,Zwu,480,2048
5_b402_seg_000514_leftImg8bit.json,5_b402_seg_000514_leftImg8bit.png,1,Zwu,480,2048
5_b402_seg_000515_leftImg8bit.json,5_b402_seg_000515_leftImg8bit.png,1,Zwu,480,2048
5_b402_seg_000516_leftImg8bit.json,5_b402_seg_000516_leftImg8bit.png,2,Zwu,480,2048
5_b402_seg_000517_leftImg8bit.json,5_b402_seg_000517_leftImg8bit.png,1,Zwu,480,2048
5_b402_seg_000518_leftImg8bit.json,5_b402_seg_000518_leftImg8bit.png,1,Zwu,480,2048
5_b402_seg_000519_leftImg8bit.json,5_b402_seg_000519_leftImg8bit.png,1,Zwu,480,2048
5_b402_seg_000520_leftImg8bit.json,5_b402_seg_000520_leftImg8bit.png,1,Zwu,480,2048
5_b402_seg_000521_leftImg8bit.json,5_b402_seg_000521_leftImg8bit.png,1,Zwu,480,2048
5_b402_seg_000522_leftImg8bit.json,5_b402_seg_000522_leftImg8bit.png,1,Zwu,480,2048
5_b402_seg_000523_leftImg8bit.json,5_b402_seg_000523_leftImg8bit.png,1,Zwu,480,2048
5_b402_seg_000524_leftImg8bit.json,5_b402_seg_000524_leftImg8bit.png,1,Zwu,480,2048
5_b402_seg_000525_leftImg8bit.json,5_b402_seg_000525_leftImg8bit.png,1,Zwu,480,2048
5_b402_seg_000526_leftImg8bit.json,5_b402_seg_000526_leftImg8bit.png,1,Zwu,480,2048
5_b402_seg_000527_leftImg8bit.json,5_b402_seg_000527_leftImg8bit.png,1,Zwu,480,2048
5_b402_seg_000528_leftImg8bit.json,5_b402_seg_000528_leftImg8bit.png,4,Zwu,480,2048
5_b402_seg_000529_leftImg8bit.json,5_b402_seg_000529_leftImg8bit.png,1,Zwu,480,2048
5_b402_seg_000530_leftImg8bit.json,5_b402_seg_000530_leftImg8bit.png,1,Zwu,480,2048
5_b402_seg_000531_leftImg8bit.json,5_b402_seg_000531_leftImg8bit.png,1,Zwu,480,2048
5_b402_seg_000532_leftImg8bit.json,5_b402_seg_000532_leftImg8bit.png,1,Zwu,480,2048
5_b402_seg_000533_leftImg8bit.json,5_b402_seg_000533_leftImg8bit.png,1,Zwu,480,2048
5_b402_seg_000534_leftImg8bit.json,5_b402_seg_000534_leftImg8bit.png,1,Zwu,480,2048
5_b402_seg_000535_leftImg8bit.json,5_b402_seg_000535_leftImg8bit.png,1,Zwu,480,2048
5_b402_seg_000536_leftImg8bit.json,5_b402_seg_000536_leftImg8bit.png,1,Zwu,480,2048
5_b402_seg_000537_leftImg8bit.json,5_b402_seg_000537_leftImg8bit.png,1,Zwu,480,2048
5_b402_seg_000538_leftImg8bit.json,5_b402_seg_000538_leftImg8bit.png,1,Zwu,480,2048
5_b402_seg_000539_leftImg8bit.json,5_b402_seg_000539_leftImg8bit.png,1,Zwu,480,2048
5_b402_seg_000540_leftImg8bit.json,5_b402_seg_000540_leftImg8bit.png,1,Zwu,480,2048
5_b402_seg_000541_leftImg8bit.json,5_b402_seg_000541_leftImg8bit.png,1,Zwu,480,2048
5_b402_seg_000542_leftImg8bit.json,5_b402_seg_000542_leftImg8bit.png,1,Zwu,480,2048
5_b402_seg_000543_leftImg8bit.json,5_b402_seg_000543_leftImg8bit.png,1,Zwu,480,2048
5_b402_seg_000544_leftImg8bit.json,5_b402_seg_000544_leftImg8bit.png,1,Zwu,480,2048
5_b402_seg_000545_leftImg8bit.json,5_b402_seg_000545_leftImg8bit.png,1,Zwu,480,2048
5_b402_seg_000546_leftImg8bit.json,5_b402_seg_000546_leftImg8bit.png,1,Zwu,480,2048
5_b402_seg_000547_leftImg8bit.json,5_b402_seg_000547_leftImg8bit.png,1,Zwu,480,2048
5_b402_seg_000548_leftImg8bit.json,5_b402_seg_000548_leftImg8bit.png,2,Zwu,480,2048
5_b402_seg_000549_leftImg8bit.json,5_b402_seg_000549_leftImg8bit.png,1,Zwu,480,2048
5_b402_seg_000550_leftImg8bit.json,5_b402_seg_000550_leftImg8bit.png,1,Zwu,480,2048
5_b402_seg_000551_leftImg8bit.json,5_b402_seg_000551_leftImg8bit.png,1,Zwu,480,2048
5_b402_seg_000552_leftImg8bit.json,5_b402_seg_000552_leftImg8bit.png,1,Zwu,480,2048
5_b402_seg_000553_leftImg8bit.json,5_b402_seg_000553_leftImg8bit.png,1,Zwu,480,2048
5_b402_seg_000554_leftImg8bit.json,5_b402_seg_000554_leftImg8bit.png,1,Zwu,480,2048
5_b402_seg_000555_leftImg8bit.json,5_b402_seg_000555_leftImg8bit.png,2,Zwu,480,2048
5_b402_seg_000556_leftImg8bit.json,5_b402_seg_000556_leftImg8bit.png,1,Zwu,480,2048
5_b402_seg_000557_leftImg8bit.json,5_b402_seg_000557_leftImg8bit.png,1,Zwu,480,2048
5_b402_seg_000558_leftImg8bit.json,5_b402_seg_000558_leftImg8bit.png,1,Zwu,480,2048
5_b402_seg_000559_leftImg8bit.json,5_b402_seg_000559_leftImg8bit.png,1,Zwu,480,2048
5_b402_seg_000560_leftImg8bit.json,5_b402_seg_000560_leftImg8bit.png,1,Zwu,480,2048
5_b402_seg_000561_leftImg8bit.json,5_b402_seg_000561_leftImg8bit.png,1,Zwu,480,2048
5_b402_seg_000562_leftImg8bit.json,5_b402_seg_000562_leftImg8bit.png,1,Zwu,480,2048
5_b402_seg_000563_leftImg8bit.json,5_b402_seg_000563_leftImg8bit.png,1,Zwu,480,2048
5_b402_seg_000564_leftImg8bit.json,5_b402_seg_000564_leftImg8bit.png,1,Zwu,480,2048
5_b402_seg_000565_leftImg8bit.json,5_b402_seg_000565_leftImg8bit.png,1,Zwu,480,2048
5_b402_seg_000566_leftImg8bit.json,5_b402_seg_000566_leftImg8bit.png,1,Zwu,480,2048
5_b402_seg_000567_leftImg8bit.json,5_b402_seg_000567_leftImg8bit.png,1,Zwu,480,2048
5_b402_seg_000568_leftImg8bit.json,5_b402_seg_000568_leftImg8bit.png,1,Zwu,480,2048
5_b402_seg_000569_leftImg8bit.json,5_b402_seg_000569_leftImg8bit.png,1,Zwu,480,2048
5_b402_seg_000570_leftImg8bit.json,5_b402_seg_000570_leftImg8bit.png,1,Zwu,480,2048
5_b402_seg_000571_leftImg8bit.json,5_b402_seg_000571_leftImg8bit.png,1,Zwu,480,2048
5_b402_seg_000572_leftImg8bit.json,5_b402_seg_000572_leftImg8bit.png,1,Zwu,480,2048
5_b402_seg_000573_leftImg8bit.json,5_b402_seg_000573_leftImg8bit.png,1,Zwu,480,2048
5_b402_seg_000574_leftImg8bit.json,5_b402_seg_000574_leftImg8bit.png,1,Zwu,480,2048
5_b402_seg_000575_leftImg8bit.json,5_b402_seg_000575_leftImg8bit.png,1,Zwu,480,2048
5_b402_seg_000576_leftImg8bit.json,5_b402_seg_000576_leftImg8bit.png,1,Zwu,480,2048
5_b402_seg_000577_leftImg8bit.json,5_b402_seg_000577_leftImg8bit.png,1,Zwu,480,2048
5_b402_seg_000578_leftImg8bit.json,5_b402_seg_000578_leftImg8bit.png,1,Zwu,480,2048
5_b402_seg_000579_leftImg8bit.json,5_b402_seg_000579_leftImg8bit.png,1,Zwu,480,2048
5_b402_seg_000580_leftImg8bit.json,5_b402_seg_000580_leftImg8bit.png,5,Zwu,480,2048
5_b402_seg_000581_leftImg8bit.json,5_b402_seg_000581_leftImg8bit.png,1,Zwu,480,2048
5_b402_seg_000582_leftImg8bit.json,5_b402_seg_000582_leftImg8bit.png,2,Zwu,480,2048
5_b402_seg_000583_leftImg8bit.json,5_b402_seg_000583_leftImg8bit.png,1,Zwu,480,2048
5_b402_seg_000584_leftImg8bit.json,5_b402_seg_000584_leftImg8bit.png,1,Zwu,480,2048
5_b402_seg_000585_leftImg8bit.json,5_b402_seg_000585_leftImg8bit.png,1,Zwu,480,2048
5_b402_seg_000586_leftImg8bit.json,5_b402_seg_000586_leftImg8bit.png,2,Zwu,480,2048
5_b402_seg_000587_leftImg8bit.json,5_b402_seg_000587_leftImg8bit.png,2,Zwu,480,2048
5_b402_seg_000588_leftImg8bit.json,5_b402_seg_000588_leftImg8bit.png,2,Zwu,480,2048
5_b402_seg_000589_leftImg8bit.json,5_b402_seg_000589_leftImg8bit.png,2,Zwu,480,2048
5_b402_seg_000590_leftImg8bit.json,5_b402_seg_000590_leftImg8bit.png,3,Zwu,480,2048
5_b402_seg_000591_leftImg8bit.json,5_b402_seg_000591_leftImg8bit.png,1,Zwu,480,2048
5_b402_seg_000592_leftImg8bit.json,5_b402_seg_000592_leftImg8bit.png,1,Zwu,480,2048
5_b402_seg_000593_leftImg8bit.json,5_b402_seg_000593_leftImg8bit.png,1,Zwu,480,2048
5_b402_seg_000594_leftImg8bit.json,5_b402_seg_000594_leftImg8bit.png,1,Zwu,480,2048
5_b402_seg_000595_leftImg8bit.json,5_b402_seg_000595_leftImg8bit.png,2,Zwu,480,2048
5_b402_seg_000596_leftImg8bit.json,5_b402_seg_000596_leftImg8bit.png,1,Zwu,480,2048
5_b402_seg_000597_leftImg8bit.json,5_b402_seg_000597_leftImg8bit.png,2,Zwu,480,2048
5_b402_seg_000598_leftImg8bit.json,5_b402_seg_000598_leftImg8bit.png,3,Zwu,480,2048
5_b402_seg_000599_leftImg8bit.json,5_b402_seg_000599_leftImg8bit.png,2,Zwu,480,2048
5_b402_seg_000600_leftImg8bit.json,5_b402_seg_000600_leftImg8bit.png,1,Zwu,480,2048
5_b402_seg_000601_leftImg8bit.json,5_b402_seg_000601_leftImg8bit.png,3,Zwu,480,2048
5_b402_seg_000602_leftImg8bit.json,5_b402_seg_000602_leftImg8bit.png,3,Zwu,480,2048
5_b402_seg_000603_leftImg8bit.json,5_b402_seg_000603_leftImg8bit.png,1,Zwu,480,2048
5_b402_seg_000604_leftImg8bit.json,5_b402_seg_000604_leftImg8bit.png,2,Zwu,480,2048
5_b402_seg_000605_leftImg8bit.json,5_b402_seg_000605_leftImg8bit.png,2,Zwu,480,2048
5_b402_seg_000606_leftImg8bit.json,5_b402_seg_000606_leftImg8bit.png,1,Zwu,480,2048
5_b402_seg_000607_leftImg8bit.json,5_b402_seg_000607_leftImg8bit.png,2,Zwu,480,2048
5_b402_seg_000608_leftImg8bit.json,5_b402_seg_000608_leftImg8bit.png,4,Zwu,480,2048
5_b402_seg_000609_leftImg8bit.json,5_b402_seg_000609_leftImg8bit.png,1,Zwu,480,2048
5_b402_seg_000610_leftImg8bit.json,5_b402_seg_000610_leftImg8bit.png,1,Zwu,480,2048
5_b402_seg_000611_leftImg8bit.json,5_b402_seg_000611_leftImg8bit.png,1,Zwu,480,2048
5_b402_seg_000612_leftImg8bit.json,5_b402_seg_000612_leftImg8bit.png,1,Zwu,480,2048
5_b402_seg_000613_leftImg8bit.json,5_b402_seg_000613_leftImg8bit.png,2,Zwu,480,2048
5_b402_seg_000614_leftImg8bit.json,5_b402_seg_000614_leftImg8bit.png,1,Zwu,480,2048
5_b402_seg_000615_leftImg8bit.json,5_b402_seg_000615_leftImg8bit.png,1,Zwu,480,2048
5_b402_seg_000616_leftImg8bit.json,5_b402_seg_000616_leftImg8bit.png,1,Zwu,480,2048
5_b402_seg_000617_leftImg8bit.json,5_b402_seg_000617_leftImg8bit.png,2,Zwu,480,2048
5_b402_seg_000618_leftImg8bit.json,5_b402_seg_000618_leftImg8bit.png,1,Zwu,480,2048
5_b402_seg_000619_leftImg8bit.json,5_b402_seg_000619_leftImg8bit.png,1,Zwu,480,2048
5_b402_seg_000620_leftImg8bit.json,5_b402_seg_000620_leftImg8bit.png,1,Zwu,480,2048
5_b402_seg_000621_leftImg8bit.json,5_b402_seg_000621_leftImg8bit.png,3,Zwu,480,2048
5_b402_seg_000622_leftImg8bit.json,5_b402_seg_000622_leftImg8bit.png,1,Zwu,480,2048
5_b402_seg_000623_leftImg8bit.json,5_b402_seg_000623_leftImg8bit.png,1,Zwu,480,2048
5_b402_seg_000624_leftImg8bit.json,5_b402_seg_000624_leftImg8bit.png,1,Zwu,480,2048
5_b402_seg_000625_leftImg8bit.json,5_b402_seg_000625_leftImg8bit.png,1,Zwu,480,2048
5_b402_seg_000626_leftImg8bit.json,5_b402_seg_000626_leftImg8bit.png,1,Zwu,480,2048
5_b402_seg_000627_leftImg8bit.json,5_b402_seg_000627_leftImg8bit.png,1,Zwu,480,2048
5_b402_seg_000628_leftImg8bit.json,5_b402_seg_000628_leftImg8bit.png,1,Zwu,480,2048
5_b402_seg_000629_leftImg8bit.json,5_b402_seg_000629_leftImg8bit.png,1,Zwu,480,2048
5_b402_seg_000630_leftImg8bit.json,5_b402_seg_000630_leftImg8bit.png,1,Zwu,480,2048
5_b402_seg_000631_leftImg8bit.json,5_b402_seg_000631_leftImg8bit.png,1,Zwu,480,2048
5_b402_seg_000632_leftImg8bit.json,5_b402_seg_000632_leftImg8bit.png,2,Zwu,480,2048
5_b402_seg_000633_leftImg8bit.json,5_b402_seg_000633_leftImg8bit.png,1,Zwu,480,2048
5_b402_seg_000634_leftImg8bit.json,5_b402_seg_000634_leftImg8bit.png,1,Zwu,480,2048
5_b402_seg_000635_leftImg8bit.json,5_b402_seg_000635_leftImg8bit.png,1,Zwu,480,2048
5_b402_seg_000636_leftImg8bit.json,5_b402_seg_000636_leftImg8bit.png,1,Zwu,480,2048
5_b402_seg_000637_leftImg8bit.json,5_b402_seg_000637_leftImg8bit.png,1,Zwu,480,2048
5_b402_seg_000638_leftImg8bit.json,5_b402_seg_000638_leftImg8bit.png,2,Zwu,480,2048
5_b402_seg_000639_leftImg8bit.json,5_b402_seg_000639_leftImg8bit.png,1,Zwu,480,2048
5_b402_seg_000640_leftImg8bit.json,5_b402_seg_000640_leftImg8bit.png,1,Zwu,480,2048
5_b402_seg_000641_leftImg8bit.json,5_b402_seg_000641_leftImg8bit.png,1,Zwu,480,2048
5_b402_seg_000642_leftImg8bit.json,5_b402_seg_000642_leftImg8bit.png,1,Zwu,480,2048
5_b402_seg_000643_leftImg8bit.json,5_b402_seg_000643_leftImg8bit.png,1,Zwu,480,2048
5_b402_seg_000644_leftImg8bit.json,5_b402_seg_000644_leftImg8bit.png,3,Zwu,480,2048
5_b402_seg_000645_leftImg8bit.json,5_b402_seg_000645_leftImg8bit.png,1,Zwu,480,2048
5_b402_seg_000646_leftImg8bit.json,5_b402_seg_000646_leftImg8bit.png,1,Zwu,480,2048
5_b402_seg_000647_leftImg8bit.json,5_b402_seg_000647_leftImg8bit.png,1,Zwu,480,2048
5_b402_seg_000648_leftImg8bit.json,5_b402_seg_000648_leftImg8bit.png,1,Zwu,480,2048
5_b402_seg_000649_leftImg8bit.json,5_b402_seg_000649_leftImg8bit.png,1,Zwu,480,2048
5_b402_seg_000650_leftImg8bit.json,5_b402_seg_000650_leftImg8bit.png,1,Zwu,480,2048
5_b402_seg_000651_leftImg8bit.json,5_b402_seg_000651_leftImg8bit.png,2,Zwu,480,2048
5_b402_seg_000652_leftImg8bit.json,5_b402_seg_000652_leftImg8bit.png,1,Zwu,480,2048
5_b402_seg_000653_leftImg8bit.json,5_b402_seg_000653_leftImg8bit.png,6,Zwu,480,2048
5_b402_seg_000654_leftImg8bit.json,5_b402_seg_000654_leftImg8bit.png,1,Zwu,480,2048
5_b402_seg_000655_leftImg8bit.json,5_b402_seg_000655_leftImg8bit.png,1,Zwu,480,2048
5_b402_seg_000656_leftImg8bit.json,5_b402_seg_000656_leftImg8bit.png,1,Zwu,480,2048
5_b402_seg_000657_leftImg8bit.json,5_b402_seg_000657_leftImg8bit.png,1,Zwu,480,2048
5_b402_seg_000658_leftImg8bit.json,5_b402_seg_000658_leftImg8bit.png,1,Zwu,480,2048
5_b402_seg_000659_leftImg8bit.json,5_b402_seg_000659_leftImg8bit.png,1,Zwu,480,2048
5_b402_seg_000660_leftImg8bit.json,5_b402_seg_000660_leftImg8bit.png,1,Zwu,480,2048
5_b402_seg_000661_leftImg8bit.json,5_b402_seg_000661_leftImg8bit.png,1,Zwu,480,2048
5_b402_seg_000662_leftImg8bit.json,5_b402_seg_000662_leftImg8bit.png,1,Zwu,480,2048
5_b402_seg_000663_leftImg8bit.json,5_b402_seg_000663_leftImg8bit.png,1,Zwu,480,2048
5_b402_seg_000664_leftImg8bit.json,5_b402_seg_000664_leftImg8bit.png,2,Zwu,480,2048
5_b402_seg_000665_leftImg8bit.json,5_b402_seg_000665_leftImg8bit.png,1,Zwu,480,2048
5_b402_seg_000666_leftImg8bit.json,5_b402_seg_000666_leftImg8bit.png,1,Zwu,480,2048
5_b402_seg_000667_leftImg8bit.json,5_b402_seg_000667_leftImg8bit.png,1,Zwu,480,2048
5_b402_seg_000668_leftImg8bit.json,5_b402_seg_000668_leftImg8bit.png,1,Zwu,480,2048
5_b402_seg_000669_leftImg8bit.json,5_b402_seg_000669_leftImg8bit.png,1,Zwu,480,2048
5_b402_seg_000670_leftImg8bit.json,5_b402_seg_000670_leftImg8bit.png,1,Zwu,480,2048
5_b402_seg_000671_leftImg8bit.json,5_b402_seg_000671_leftImg8bit.png,1,Zwu,480,2048
5_b402_seg_000672_leftImg8bit.json,5_b402_seg_000672_leftImg8bit.png,1,Zwu,480,2048
5_b402_seg_000673_leftImg8bit.json,5_b402_seg_000673_leftImg8bit.png,1,Zwu,480,2048
5_b402_seg_000674_leftImg8bit.json,5_b402_seg_000674_leftImg8bit.png,1,Zwu,480,2048
5_b402_seg_000675_leftImg8bit.json,5_b402_seg_000675_leftImg8bit.png,1,Zwu,480,2048
5_b402_seg_000676_leftImg8bit.json,5_b402_seg_000676_leftImg8bit.png,1,Zwu,480,2048
5_b402_seg_000677_leftImg8bit.json,5_b402_seg_000677_leftImg8bit.png,1,Zwu,480,2048
5_b402_seg_000678_leftImg8bit.json,5_b402_seg_000678_leftImg8bit.png,1,Zwu,480,2048
5_b402_seg_000679_leftImg8bit.json,5_b402_seg_000679_leftImg8bit.png,1,Zwu,480,2048
5_b402_seg_000680_leftImg8bit.json,5_b402_seg_000680_leftImg8bit.png,1,Zwu,480,2048
5_b402_seg_000681_leftImg8bit.json,5_b402_seg_000681_leftImg8bit.png,1,Zwu,480,2048
5_b402_seg_000682_leftImg8bit.json,5_b402_seg_000682_leftImg8bit.png,1,Zwu,480,2048
5_b402_seg_000683_leftImg8bit.json,5_b402_seg_000683_leftImg8bit.png,1,Zwu,480,2048
5_b402_seg_000684_leftImg8bit.json,5_b402_seg_000684_leftImg8bit.png,1,Zwu,480,2048
5_b402_seg_000685_leftImg8bit.json,5_b402_seg_000685_leftImg8bit.png,1,Zwu,480,2048
5_b402_seg_000686_leftImg8bit.json,5_b402_seg_000686_leftImg8bit.png,1,Zwu,480,2048
5_b402_seg_000687_leftImg8bit.json,5_b402_seg_000687_leftImg8bit.png,1,Zwu,480,2048
5_b402_seg_000688_leftImg8bit.json,5_b402_seg_000688_leftImg8bit.png,1,Zwu,480,2048
5_b402_seg_000689_leftImg8bit.json,5_b402_seg_000689_leftImg8bit.png,1,Zwu,480,2048
5_b402_seg_000690_leftImg8bit.json,5_b402_seg_000690_leftImg8bit.png,1,Zwu,480,2048
5_b402_seg_000691_leftImg8bit.json,5_b402_seg_000691_leftImg8bit.png,1,Zwu,480,2048
5_b402_seg_000692_leftImg8bit.json,5_b402_seg_000692_leftImg8bit.png,1,Zwu,480,2048
5_b402_seg_000693_leftImg8bit.json,5_b402_seg_000693_leftImg8bit.png,1,Zwu,480,2048
5_b402_seg_000694_leftImg8bit.json,5_b402_seg_000694_leftImg8bit.png,1,Zwu,480,2048
5_b402_seg_000695_leftImg8bit.json,5_b402_seg_000695_leftImg8bit.png,1,Zwu,480,2048
5_b402_seg_000696_leftImg8bit.json,5_b402_seg_000696_leftImg8bit.png,1,Zwu,480,2048
5_b402_seg_000697_leftImg8bit.json,5_b402_seg_000697_leftImg8bit.png,1,Zwu,480,2048
5_b402_seg_000698_leftImg8bit.json,5_b402_seg_000698_leftImg8bit.png,3,Zwu,480,2048
5_b402_seg_000699_leftImg8bit.json,5_b402_seg_000699_leftImg8bit.png,1,Zwu,480,2048
5_b402_seg_000700_leftImg8bit.json,5_b402_seg_000700_leftImg8bit.png,1,Zwu,480,2048
5_b402_seg_000701_leftImg8bit.json,5_b402_seg_000701_leftImg8bit.png,1,Zwu,480,2048
5_b402_seg_000702_leftImg8bit.json,5_b402_seg_000702_leftImg8bit.png,1,Zwu,480,2048
5_b402_seg_000703_leftImg8bit.json,5_b402_seg_000703_leftImg8bit.png,2,Zwu,480,2048
5_b402_seg_000704_leftImg8bit.json,5_b402_seg_000704_leftImg8bit.png,1,Zwu,480,2048
5_b402_seg_000705_leftImg8bit.json,5_b402_seg_000705_leftImg8bit.png,1,Zwu,480,2048
5_b402_seg_000706_leftImg8bit.json,5_b402_seg_000706_leftImg8bit.png,2,Zwu,480,2048
5_b402_seg_000707_leftImg8bit.json,5_b402_seg_000707_leftImg8bit.png,1,Zwu,480,2048
5_b402_seg_000708_leftImg8bit.json,5_b402_seg_000708_leftImg8bit.png,2,Zwu,480,2048
5_b402_seg_000709_leftImg8bit.json,5_b402_seg_000709_leftImg8bit.png,1,Zwu,480,2048
5_b402_seg_000710_leftImg8bit.json,5_b402_seg_000710_leftImg8bit.png,1,Zwu,480,2048
5_b402_seg_000711_leftImg8bit.json,5_b402_seg_000711_leftImg8bit.png,1,Zwu,480,2048
5_b402_seg_000712_leftImg8bit.json,5_b402_seg_000712_leftImg8bit.png,1,Zwu,480,2048
5_b402_seg_000713_leftImg8bit.json,5_b402_seg_000713_leftImg8bit.png,1,Zwu,480,2048
5_b402_seg_000714_leftImg8bit.json,5_b402_seg_000714_leftImg8bit.png,1,Zwu,480,2048
5_b402_seg_000715_leftImg8bit.json,5_b402_seg_000715_leftImg8bit.png,1,Zwu,480,2048
5_b402_seg_000716_leftImg8bit.json,5_b402_seg_000716_leftImg8bit.png,1,Zwu,480,2048
5_b402_seg_000717_leftImg8bit.json,5_b402_seg_000717_leftImg8bit.png,1,Zwu,480,2048
5_b402_seg_000718_leftImg8bit.json,5_b402_seg_000718_leftImg8bit.png,1,Zwu,480,2048
5_b402_seg_000719_leftImg8bit.json,5_b402_seg_000719_leftImg8bit.png,1,Zwu,480,2048
5_b402_seg_000720_leftImg8bit.json,5_b402_seg_000720_leftImg8bit.png,1,Zwu,480,2048
5_b402_seg_000721_leftImg8bit.json,5_b402_seg_000721_leftImg8bit.png,1,Zwu,480,2048
5_b402_seg_000722_leftImg8bit.json,5_b402_seg_000722_leftImg8bit.png,1,Zwu,480,2048
5_b402_seg_000723_leftImg8bit.json,5_b402_seg_000723_leftImg8bit.png,1,Zwu,480,2048
5_b402_seg_000724_leftImg8bit.json,5_b402_seg_000724_leftImg8bit.png,1,Zwu,480,2048
5_b402_seg_000725_leftImg8bit.json,5_b402_seg_000725_leftImg8bit.png,1,Zwu,480,2048
5_b402_seg_000726_leftImg8bit.json,5_b402_seg_000726_leftImg8bit.png,1,Zwu,480,2048
5_b402_seg_000727_leftImg8bit.json,5_b402_seg_000727_leftImg8bit.png,1,Zwu,480,2048
5_b402_seg_000728_leftImg8bit.json,5_b402_seg_000728_leftImg8bit.png,1,Zwu,480,2048
5_b402_seg_000729_leftImg8bit.json,5_b402_seg_000729_leftImg8bit.png,1,Zwu,480,2048
5_b402_seg_000730_leftImg8bit.json,5_b402_seg_000730_leftImg8bit.png,1,Zwu,480,2048
5_b402_seg_000731_leftImg8bit.json,5_b402_seg_000731_leftImg8bit.png,1,Zwu,480,2048
5_b402_seg_000732_leftImg8bit.json,5_b402_seg_000732_leftImg8bit.png,1,Zwu,480,2048
5_b402_seg_000733_leftImg8bit.json,5_b402_seg_000733_leftImg8bit.png,1,Zwu,480,2048
5_b402_seg_000734_leftImg8bit.json,5_b402_seg_000734_leftImg8bit.png,1,Zwu,480,2048
5_b402_seg_000735_leftImg8bit.json,5_b402_seg_000735_leftImg8bit.png,1,Zwu,480,2048
5_b402_seg_000736_leftImg8bit.json,5_b402_seg_000736_leftImg8bit.png,1,Zwu,480,2048
5_b402_seg_000737_leftImg8bit.json,5_b402_seg_000737_leftImg8bit.png,1,Zwu,480,2048
5_b402_seg_000738_leftImg8bit.json,5_b402_seg_000738_leftImg8bit.png,2,Zwu,480,2048
5_b402_seg_000739_leftImg8bit.json,5_b402_seg_000739_leftImg8bit.png,1,Zwu,480,2048
5_b402_seg_000740_leftImg8bit.json,5_b402_seg_000740_leftImg8bit.png,1,Zwu,480,2048
5_b402_seg_000741_leftImg8bit.json,5_b402_seg_000741_leftImg8bit.png,1,Zwu,480,2048
5_b402_seg_000742_leftImg8bit.json,5_b402_seg_000742_leftImg8bit.png,1,Zwu,480,2048
5_b402_seg_000743_leftImg8bit.json,5_b402_seg_000743_leftImg8bit.png,1,Zwu,480,2048
5_b402_seg_000744_leftImg8bit.json,5_b402_seg_000744_leftImg8bit.png,1,Zwu,480,2048
5_b402_seg_000745_leftImg8bit.json,5_b402_seg_000745_leftImg8bit.png,1,Zwu,480,2048
5_b402_seg_000746_leftImg8bit.json,5_b402_seg_000746_leftImg8bit.png,1,Zwu,480,2048
5_b402_seg_000747_leftImg8bit.json,5_b402_seg_000747_leftImg8bit.png,1,Zwu,480,2048
5_b402_seg_000748_leftImg8bit.json,5_b402_seg_000748_leftImg8bit.png,1,Zwu,480,2048
5_b402_seg_000749_leftImg8bit.json,5_b402_seg_000749_leftImg8bit.png,1,Zwu,480,2048
5_b402_seg_000750_leftImg8bit.json,5_b402_seg_000750_leftImg8bit.png,1,Zwu,480,2048
5_b402_seg_000751_leftImg8bit.json,5_b402_seg_000751_leftImg8bit.png,1,Zwu,480,2048
5_b402_seg_000752_leftImg8bit.json,5_b402_seg_000752_leftImg8bit.png,2,Zwu,480,2048
5_b402_seg_000753_leftImg8bit.json,5_b402_seg_000753_leftImg8bit.png,1,Zwu,480,2048
5_b402_seg_000754_leftImg8bit.json,5_b402_seg_000754_leftImg8bit.png,7,Zwu,480,2048
5_b402_seg_000755_leftImg8bit.json,5_b402_seg_000755_leftImg8bit.png,1,Zwu,480,2048
5_b402_seg_000756_leftImg8bit.json,5_b402_seg_000756_leftImg8bit.png,1,Zwu,480,2048
5_b402_seg_000757_leftImg8bit.json,5_b402_seg_000757_leftImg8bit.png,1,Zwu,480,2048
5_b402_seg_000758_leftImg8bit.json,5_b402_seg_000758_leftImg8bit.png,1,Zwu,480,2048
5_b402_seg_000759_leftImg8bit.json,5_b402_seg_000759_leftImg8bit.png,1,Zwu,480,2048
5_b402_seg_000760_leftImg8bit.json,5_b402_seg_000760_leftImg8bit.png,1,Zwu,480,2048
5_b402_seg_000761_leftImg8bit.json,5_b402_seg_000761_leftImg8bit.png,1,Zwu,480,2048
5_b402_seg_000762_leftImg8bit.json,5_b402_seg_000762_leftImg8bit.png,1,Zwu,480,2048
5_b402_seg_000763_leftImg8bit.json,5_b402_seg_000763_leftImg8bit.png,1,Zwu,480,2048
5_b402_seg_000764_leftImg8bit.json,5_b402_seg_000764_leftImg8bit.png,1,Zwu,480,2048
5_b402_seg_000765_leftImg8bit.json,5_b402_seg_000765_leftImg8bit.png,1,Zwu,480,2048
5_b402_seg_000766_leftImg8bit.json,5_b402_seg_000766_leftImg8bit.png,1,Zwu,480,2048
5_b402_seg_000767_leftImg8bit.json,5_b402_seg_000767_leftImg8bit.png,1,Zwu,480,2048
5_b402_seg_000768_leftImg8bit.json,5_b402_seg_000768_leftImg8bit.png,1,Zwu,480,2048
5_b402_seg_000769_leftImg8bit.json,5_b402_seg_000769_leftImg8bit.png,1,Zwu,480,2048
5_b402_seg_000770_leftImg8bit.json,5_b402_seg_000770_leftImg8bit.png,1,Zwu,480,2048
5_b402_seg_000771_leftImg8bit.json,5_b402_seg_000771_leftImg8bit.png,1,Zwu,480,2048
5_b402_seg_000772_leftImg8bit.json,5_b402_seg_000772_leftImg8bit.png,1,Zwu,480,2048
5_b402_seg_000773_leftImg8bit.json,5_b402_seg_000773_leftImg8bit.png,1,Zwu,480,2048
5_b402_seg_000774_leftImg8bit.json,5_b402_seg_000774_leftImg8bit.png,1,Zwu,480,2048
5_b402_seg_000775_leftImg8bit.json,5_b402_seg_000775_leftImg8bit.png,1,Zwu,480,2048
5_b402_seg_000776_leftImg8bit.json,5_b402_seg_000776_leftImg8bit.png,1,Zwu,480,2048
5_b402_seg_000777_leftImg8bit.json,5_b402_seg_000777_leftImg8bit.png,1,Zwu,480,2048
5_b402_seg_000778_leftImg8bit.json,5_b402_seg_000778_leftImg8bit.png,1,Zwu,480,2048
5_b402_seg_000779_leftImg8bit.json,5_b402_seg_000779_leftImg8bit.png,1,Zwu,480,2048
5_b402_seg_000780_leftImg8bit.json,5_b402_seg_000780_leftImg8bit.png,1,Zwu,480,2048
5_b402_seg_000781_leftImg8bit.json,5_b402_seg_000781_leftImg8bit.png,1,Zwu,480,2048
5_b402_seg_000782_leftImg8bit.json,5_b402_seg_000782_leftImg8bit.png,1,Zwu,480,2048
5_b402_seg_000783_leftImg8bit.json,5_b402_seg_000783_leftImg8bit.png,1,Zwu,480,2048
5_b402_seg_000784_leftImg8bit.json,5_b402_seg_000784_leftImg8bit.png,1,Zwu,480,2048
5_b402_seg_000785_leftImg8bit.json,5_b402_seg_000785_leftImg8bit.png,1,Zwu,480,2048
5_b402_seg_000786_leftImg8bit.json,5_b402_seg_000786_leftImg8bit.png,1,Zwu,480,2048
5_b402_seg_000787_leftImg8bit.json,5_b402_seg_000787_leftImg8bit.png,1,Zwu,480,2048
5_b402_seg_000788_leftImg8bit.json,5_b402_seg_000788_leftImg8bit.png,1,Zwu,480,2048
5_b402_seg_000789_leftImg8bit.json,5_b402_seg_000789_leftImg8bit.png,1,Zwu,480,2048
5_b402_seg_000790_leftImg8bit.json,5_b402_seg_000790_leftImg8bit.png,1,Zwu,480,2048
5_b402_seg_000791_leftImg8bit.json,5_b402_seg_000791_leftImg8bit.png,1,Zwu,480,2048
5_b402_seg_000792_leftImg8bit.json,5_b402_seg_000792_leftImg8bit.png,1,Zwu,480,2048
5_b402_seg_000793_leftImg8bit.json,5_b402_seg_000793_leftImg8bit.png,1,Zwu,480,2048
5_b402_seg_000794_leftImg8bit.json,5_b402_seg_000794_leftImg8bit.png,1,Zwu,480,2048
5_b402_seg_000795_leftImg8bit.json,5_b402_seg_000795_leftImg8bit.png,1,Zwu,480,2048
5_b402_seg_000796_leftImg8bit.json,5_b402_seg_000796_leftImg8bit.png,1,Zwu,480,2048
5_b402_seg_000797_leftImg8bit.json,5_b402_seg_000797_leftImg8bit.png,1,Zwu,480,2048
5_b402_seg_000798_leftImg8bit.json,5_b402_seg_000798_leftImg8bit.png,1,Zwu,480,2048
5_b402_seg_000799_leftImg8bit.json,5_b402_seg_000799_leftImg8bit.png,1,Zwu,480,2048
5_b402_seg_000800_leftImg8bit.json,5_b402_seg_000800_leftImg8bit.png,1,Zwu,480,2048
5_b402_seg_000801_leftImg8bit.json,5_b402_seg_000801_leftImg8bit.png,1,Zwu,480,2048
5_b402_seg_000802_leftImg8bit.json,5_b402_seg_000802_leftImg8bit.png,1,Zwu,480,2048
5_b402_seg_000803_leftImg8bit.json,5_b402_seg_000803_leftImg8bit.png,1,Zwu,480,2048
5_b402_seg_000804_leftImg8bit.json,5_b402_seg_000804_leftImg8bit.png,1,Zwu,480,2048
5_b402_seg_000805_leftImg8bit.json,5_b402_seg_000805_leftImg8bit.png,1,Zwu,480,2048
5_b402_seg_000806_leftImg8bit.json,5_b402_seg_000806_leftImg8bit.png,1,Zwu,480,2048
5_b402_seg_000807_leftImg8bit.json,5_b402_seg_000807_leftImg8bit.png,1,Zwu,480,2048
5_b402_seg_000808_leftImg8bit.json,5_b402_seg_000808_leftImg8bit.png,6,Zwu,480,2048
5_b402_seg_000809_leftImg8bit.json,5_b402_seg_000809_leftImg8bit.png,1,Zwu,480,2048
5_b402_seg_000810_leftImg8bit.json,5_b402_seg_000810_leftImg8bit.png,1,Zwu,480,2048
5_b402_seg_000811_leftImg8bit.json,5_b402_seg_000811_leftImg8bit.png,1,Zwu,480,2048
5_b402_seg_000812_leftImg8bit.json,5_b402_seg_000812_leftImg8bit.png,1,Zwu,480,2048
5_b402_seg_000813_leftImg8bit.json,5_b402_seg_000813_leftImg8bit.png,1,Zwu,480,2048
5_b402_seg_000814_leftImg8bit.json,5_b402_seg_000814_leftImg8bit.png,1,Zwu,480,2048
5_b402_seg_000815_leftImg8bit.json,5_b402_seg_000815_leftImg8bit.png,1,Zwu,480,2048
5_b402_seg_000816_leftImg8bit.json,5_b402_seg_000816_leftImg8bit.png,1,Zwu,480,2048
5_b402_seg_000817_leftImg8bit.json,5_b402_seg_000817_leftImg8bit.png,1,Zwu,480,2048
5_b402_seg_000818_leftImg8bit.json,5_b402_seg_000818_leftImg8bit.png,1,Zwu,480,2048
5_b402_seg_000819_leftImg8bit.json,5_b402_seg_000819_leftImg8bit.png,1,Zwu,480,2048
5_b402_seg_000820_leftImg8bit.json,5_b402_seg_000820_leftImg8bit.png,1,Zwu,480,2048
5_b402_seg_000821_leftImg8bit.json,5_b402_seg_000821_leftImg8bit.png,1,Zwu,480,2048
5_b402_seg_000822_leftImg8bit.json,5_b402_seg_000822_leftImg8bit.png,1,Zwu,480,2048
5_b402_seg_000823_leftImg8bit.json,5_b402_seg_000823_leftImg8bit.png,1,Zwu,480,2048
5_b402_seg_000824_leftImg8bit.json,5_b402_seg_000824_leftImg8bit.png,1,Zwu,480,2048
5_b402_seg_000825_leftImg8bit.json,5_b402_seg_000825_leftImg8bit.png,1,Zwu,480,2048
5_b402_seg_000826_leftImg8bit.json,5_b402_seg_000826_leftImg8bit.png,1,Zwu,480,2048
5_b402_seg_000827_leftImg8bit.json,5_b402_seg_000827_leftImg8bit.png,1,Zwu,480,2048
5_b402_seg_000828_leftImg8bit.json,5_b402_seg_000828_leftImg8bit.png,1,Zwu,480,2048
5_b402_seg_000829_leftImg8bit.json,5_b402_seg_000829_leftImg8bit.png,1,Zwu,480,2048
5_b402_seg_000830_leftImg8bit.json,5_b402_seg_000830_leftImg8bit.png,1,Zwu,480,2048
5_b402_seg_000831_leftImg8bit.json,5_b402_seg_000831_leftImg8bit.png,1,Zwu,480,2048
5_b402_seg_000832_leftImg8bit.json,5_b402_seg_000832_leftImg8bit.png,1,Zwu,480,2048
5_b402_seg_000833_leftImg8bit.json,5_b402_seg_000833_leftImg8bit.png,1,Zwu,480,2048
5_b402_seg_000834_leftImg8bit.json,5_b402_seg_000834_leftImg8bit.png,1,Zwu,480,2048
5_b402_seg_000835_leftImg8bit.json,5_b402_seg_000835_leftImg8bit.png,1,Zwu,480,2048
5_b402_seg_000836_leftImg8bit.json,5_b402_seg_000836_leftImg8bit.png,1,Zwu,480,2048
5_b402_seg_000837_leftImg8bit.json,5_b402_seg_000837_leftImg8bit.png,1,Zwu,480,2048
5_b402_seg_000838_leftImg8bit.json,5_b402_seg_000838_leftImg8bit.png,1,Zwu,480,2048
5_b402_seg_000839_leftImg8bit.json,5_b402_seg_000839_leftImg8bit.png,1,Zwu,480,2048
5_b402_seg_000840_leftImg8bit.json,5_b402_seg_000840_leftImg8bit.png,1,Zwu,480,2048
5_b402_seg_000841_leftImg8bit.json,5_b402_seg_000841_leftImg8bit.png,2,Zwu,480,2048
5_b402_seg_000842_leftImg8bit.json,5_b402_seg_000842_leftImg8bit.png,1,Zwu,480,2048
5_b402_seg_000843_leftImg8bit.json,5_b402_seg_000843_leftImg8bit.png,1,Zwu,480,2048
5_b402_seg_000844_leftImg8bit.json,5_b402_seg_000844_leftImg8bit.png,1,Zwu,480,2048
5_b402_seg_000845_leftImg8bit.json,5_b402_seg_000845_leftImg8bit.png,1,Zwu,480,2048
5_b402_seg_000846_leftImg8bit.json,5_b402_seg_000846_leftImg8bit.png,1,Zwu,480,2048
5_b402_seg_000847_leftImg8bit.json,5_b402_seg_000847_leftImg8bit.png,1,Zwu,480,2048
5_b402_seg_000848_leftImg8bit.json,5_b402_seg_000848_leftImg8bit.png,1,Zwu,480,2048
5_b402_seg_000849_leftImg8bit.json,5_b402_seg_000849_leftImg8bit.png,1,Zwu,480,2048
5_b402_seg_000850_leftImg8bit.json,5_b402_seg_000850_leftImg8bit.png,1,Zwu,480,2048
5_b402_seg_000851_leftImg8bit.json,5_b402_seg_000851_leftImg8bit.png,1,Zwu,480,2048
5_b402_seg_000852_leftImg8bit.json,5_b402_seg_000852_leftImg8bit.png,4,Zwu,480,2048
5_b402_seg_000853_leftImg8bit.json,5_b402_seg_000853_leftImg8bit.png,1,Zwu,480,2048
5_b402_seg_000854_leftImg8bit.json,5_b402_seg_000854_leftImg8bit.png,1,Zwu,480,2048
5_b402_seg_000855_leftImg8bit.json,5_b402_seg_000855_leftImg8bit.png,1,Zwu,480,2048
5_b402_seg_000856_leftImg8bit.json,5_b402_seg_000856_leftImg8bit.png,1,Zwu,480,2048
5_b402_seg_000857_leftImg8bit.json,5_b402_seg_000857_leftImg8bit.png,1,Zwu,480,2048
5_b402_seg_000858_leftImg8bit.json,5_b402_seg_000858_leftImg8bit.png,1,Zwu,480,2048
5_b402_seg_000859_leftImg8bit.json,5_b402_seg_000859_leftImg8bit.png,1,Zwu,480,2048
5_b402_seg_000860_leftImg8bit.json,5_b402_seg_000860_leftImg8bit.png,1,Zwu,480,2048
5_b402_seg_000861_leftImg8bit.json,5_b402_seg_000861_leftImg8bit.png,1,Zwu,480,2048
5_b402_seg_000862_leftImg8bit.json,5_b402_seg_000862_leftImg8bit.png,1,Zwu,480,2048
5_b402_seg_000863_leftImg8bit.json,5_b402_seg_000863_leftImg8bit.png,1,Zwu,480,2048
5_b402_seg_000864_leftImg8bit.json,5_b402_seg_000864_leftImg8bit.png,1,Zwu,480,2048
5_b402_seg_000865_leftImg8bit.json,5_b402_seg_000865_leftImg8bit.png,1,Zwu,480,2048
5_b402_seg_000866_leftImg8bit.json,5_b402_seg_000866_leftImg8bit.png,1,Zwu,480,2048
5_b402_seg_000867_leftImg8bit.json,5_b402_seg_000867_leftImg8bit.png,1,Zwu,480,2048
5_b402_seg_000868_leftImg8bit.json,5_b402_seg_000868_leftImg8bit.png,2,Zwu,480,2048
5_b402_seg_000869_leftImg8bit.json,5_b402_seg_000869_leftImg8bit.png,2,Zwu,480,2048
5_b402_seg_000870_leftImg8bit.json,5_b402_seg_000870_leftImg8bit.png,1,Zwu,480,2048
5_b402_seg_000871_leftImg8bit.json,5_b402_seg_000871_leftImg8bit.png,2,Zwu,480,2048
5_b402_seg_000872_leftImg8bit.json,5_b402_seg_000872_leftImg8bit.png,1,Zwu,480,2048
5_b402_seg_000873_leftImg8bit.json,5_b402_seg_000873_leftImg8bit.png,1,Zwu,480,2048
5_b402_seg_000874_leftImg8bit.json,5_b402_seg_000874_leftImg8bit.png,1,Zwu,480,2048
5_b402_seg_000875_leftImg8bit.json,5_b402_seg_000875_leftImg8bit.png,1,Zwu,480,2048
5_b402_seg_000876_leftImg8bit.json,5_b402_seg_000876_leftImg8bit.png,2,Zwu,480,2048
5_b402_seg_000877_leftImg8bit.json,5_b402_seg_000877_leftImg8bit.png,1,Zwu,480,2048
5_b402_seg_000001_leftImg8bit.json,5_b402_seg_000001_leftImg8bit.png,4,Zwu,480,2048
5_b402_seg_000002_leftImg8bit.json,5_b402_seg_000002_leftImg8bit.png,1,Zwu,480,2048
5_b402_seg_000003_leftImg8bit.json,5_b402_seg_000003_leftImg8bit.png,1,Zwu,480,2048
5_b402_seg_000004_leftImg8bit.json,5_b402_seg_000004_leftImg8bit.png,1,Zwu,480,2048
5_b402_seg_000005_leftImg8bit.json,5_b402_seg_000005_leftImg8bit.png,1,Zwu,480,2048
5_b402_seg_000006_leftImg8bit.json,5_b402_seg_000006_leftImg8bit.png,1,Zwu,480,2048
5_b402_seg_000007_leftImg8bit.json,5_b402_seg_000007_leftImg8bit.png,1,Zwu,480,2048
5_b402_seg_000008_leftImg8bit.json,5_b402_seg_000008_leftImg8bit.png,1,Zwu,480,2048
5_b402_seg_000009_leftImg8bit.json,5_b402_seg_000009_leftImg8bit.png,2,Zwu,480,2048
5_b402_seg_000010_leftImg8bit.json,5_b402_seg_000010_leftImg8bit.png,1,Zwu,480,2048
5_b402_seg_000011_leftImg8bit.json,5_b402_seg_000011_leftImg8bit.png,1,Zwu,480,2048
5_b402_seg_000012_leftImg8bit.json,5_b402_seg_000012_leftImg8bit.png,1,Zwu,480,2048
5_b402_seg_000013_leftImg8bit.json,5_b402_seg_000013_leftImg8bit.png,2,Zwu,480,2048
5_b402_seg_000014_leftImg8bit.json,5_b402_seg_000014_leftImg8bit.png,1,Zwu,480,2048
5_b402_seg_000015_leftImg8bit.json,5_b402_seg_000015_leftImg8bit.png,2,Zwu,480,2048
5_b402_seg_000016_leftImg8bit.json,5_b402_seg_000016_leftImg8bit.png,5,Zwu,480,2048
5_b402_seg_000017_leftImg8bit.json,5_b402_seg_000017_leftImg8bit.png,10,Zwu,480,2048
5_b402_seg_000018_leftImg8bit.json,5_b402_seg_000018_leftImg8bit.png,4,Zwu,480,2048
5_b402_seg_000019_leftImg8bit.json,5_b402_seg_000019_leftImg8bit.png,2,Zwu,480,2048
5_b402_seg_000020_leftImg8bit.json,5_b402_seg_000020_leftImg8bit.png,4,Zwu,480,2048
5_b402_seg_000021_leftImg8bit.json,5_b402_seg_000021_leftImg8bit.png,5,Zwu,480,2048
5_b402_seg_000022_leftImg8bit.json,5_b402_seg_000022_leftImg8bit.png,1,Zwu,480,2048
5_b402_seg_000023_leftImg8bit.json,5_b402_seg_000023_leftImg8bit.png,1,Zwu,480,2048
5_b402_seg_000024_leftImg8bit.json,5_b402_seg_000024_leftImg8bit.png,3,Zwu,480,2048
5_b402_seg_000025_leftImg8bit.json,5_b402_seg_000025_leftImg8bit.png,5,Zwu,480,2048
5_b402_seg_000026_leftImg8bit.json,5_b402_seg_000026_leftImg8bit.png,1,Zwu,480,2048
5_b402_seg_000027_leftImg8bit.json,5_b402_seg_000027_leftImg8bit.png,3,Zwu,480,2048
5_b402_seg_000028_leftImg8bit.json,5_b402_seg_000028_leftImg8bit.png,9,Zwu,480,2048
5_b402_seg_000029_leftImg8bit.json,5_b402_seg_000029_leftImg8bit.png,1,Zwu,480,2048
5_b402_seg_000030_leftImg8bit.json,5_b402_seg_000030_leftImg8bit.png,2,Zwu,480,2048
5_b402_seg_000031_leftImg8bit.json,5_b402_seg_000031_leftImg8bit.png,5,Zwu,480,2048
5_b402_seg_000032_leftImg8bit.json,5_b402_seg_000032_leftImg8bit.png,1,Zwu,480,2048
5_b402_seg_000033_leftImg8bit.json,5_b402_seg_000033_leftImg8bit.png,3,Zwu,480,2048
5_b402_seg_000034_leftImg8bit.json,5_b402_seg_000034_leftImg8bit.png,1,Zwu,480,2048
5_b402_seg_000035_leftImg8bit.json,5_b402_seg_000035_leftImg8bit.png,2,Zwu,480,2048
5_b402_seg_000036_leftImg8bit.json,5_b402_seg_000036_leftImg8bit.png,2,Zwu,480,2048
5_b402_seg_000037_leftImg8bit.json,5_b402_seg_000037_leftImg8bit.png,3,Zwu,480,2048
5_b402_seg_000038_leftImg8bit.json,5_b402_seg_000038_leftImg8bit.png,1,Zwu,480,2048
5_b402_seg_000039_leftImg8bit.json,5_b402_seg_000039_leftImg8bit.png,2,Zwu,480,2048
5_b402_seg_000040_leftImg8bit.json,5_b402_seg_000040_leftImg8bit.png,1,Zwu,480,2048
5_b402_seg_000041_leftImg8bit.json,5_b402_seg_000041_leftImg8bit.png,3,Zwu,480,2048
5_b402_seg_000042_leftImg8bit.json,5_b402_seg_000042_leftImg8bit.png,2,Zwu,480,2048
5_b402_seg_000043_leftImg8bit.json,5_b402_seg_000043_leftImg8bit.png,1,Zwu,480,2048
5_b402_seg_000044_leftImg8bit.json,5_b402_seg_000044_leftImg8bit.png,2,Zwu,480,2048
5_b402_seg_000045_leftImg8bit.json,5_b402_seg_000045_leftImg8bit.png,1,Zwu,480,2048
5_b402_seg_000046_leftImg8bit.json,5_b402_seg_000046_leftImg8bit.png,1,Zwu,480,2048
5_b402_seg_000047_leftImg8bit.json,5_b402_seg_000047_leftImg8bit.png,6,Zwu,480,2048
5_b402_seg_000048_leftImg8bit.json,5_b402_seg_000048_leftImg8bit.png,1,Zwu,480,2048
5_b402_seg_000049_leftImg8bit.json,5_b402_seg_000049_leftImg8bit.png,1,Zwu,480,2048
5_b402_seg_000050_leftImg8bit.json,5_b402_seg_000050_leftImg8bit.png,2,Zwu,480,2048
5_b402_seg_000051_leftImg8bit.json,5_b402_seg_000051_leftImg8bit.png,1,Zwu,480,2048
5_b402_seg_000052_leftImg8bit.json,5_b402_seg_000052_leftImg8bit.png,1,Zwu,480,2048
5_b402_seg_000053_leftImg8bit.json,5_b402_seg_000053_leftImg8bit.png,2,Zwu,480,2048
5_b402_seg_000054_leftImg8bit.json,5_b402_seg_000054_leftImg8bit.png,3,Zwu,480,2048
5_b402_seg_000055_leftImg8bit.json,5_b402_seg_000055_leftImg8bit.png,1,Zwu,480,2048
5_b402_seg_000056_leftImg8bit.json,5_b402_seg_000056_leftImg8bit.png,4,Zwu,480,2048
5_b402_seg_000057_leftImg8bit.json,5_b402_seg_000057_leftImg8bit.png,2,Zwu,480,2048
5_b402_seg_000058_leftImg8bit.json,5_b402_seg_000058_leftImg8bit.png,1,Zwu,480,2048
5_b402_seg_000059_leftImg8bit.json,5_b402_seg_000059_leftImg8bit.png,1,Zwu,480,2048
5_b402_seg_000060_leftImg8bit.json,5_b402_seg_000060_leftImg8bit.png,3,Zwu,480,2048
5_b402_seg_000061_leftImg8bit.json,5_b402_seg_000061_leftImg8bit.png,1,Zwu,480,2048
5_b402_seg_000062_leftImg8bit.json,5_b402_seg_000062_leftImg8bit.png,2,Zwu,480,2048
5_b402_seg_000063_leftImg8bit.json,5_b402_seg_000063_leftImg8bit.png,5,Zwu,480,2048
5_b402_seg_000064_leftImg8bit.json,5_b402_seg_000064_leftImg8bit.png,3,Zwu,480,2048
5_b402_seg_000065_leftImg8bit.json,5_b402_seg_000065_leftImg8bit.png,1,Zwu,480,2048
5_b402_seg_000066_leftImg8bit.json,5_b402_seg_000066_leftImg8bit.png,1,Zwu,480,2048
5_b402_seg_000067_leftImg8bit.json,5_b402_seg_000067_leftImg8bit.png,1,Zwu,480,2048
5_b402_seg_000068_leftImg8bit.json,5_b402_seg_000068_leftImg8bit.png,1,Zwu,480,2048
5_b402_seg_000069_leftImg8bit.json,5_b402_seg_000069_leftImg8bit.png,1,Zwu,480,2048
5_b402_seg_000070_leftImg8bit.json,5_b402_seg_000070_leftImg8bit.png,1,Zwu,480,2048
5_b402_seg_000071_leftImg8bit.json,5_b402_seg_000071_leftImg8bit.png,4,Zwu,480,2048
5_b402_seg_000072_leftImg8bit.json,5_b402_seg_000072_leftImg8bit.png,1,Zwu,480,2048
5_b402_seg_000073_leftImg8bit.json,5_b402_seg_000073_leftImg8bit.png,2,Zwu,480,2048
5_b402_seg_000074_leftImg8bit.json,5_b402_seg_000074_leftImg8bit.png,2,Zwu,480,2048
5_b402_seg_000075_leftImg8bit.json,5_b402_seg_000075_leftImg8bit.png,2,Zwu,480,2048
5_b402_seg_000076_leftImg8bit.json,5_b402_seg_000076_leftImg8bit.png,1,Zwu,480,2048
5_b402_seg_000077_leftImg8bit.json,5_b402_seg_000077_leftImg8bit.png,1,Zwu,480,2048
5_b402_seg_000078_leftImg8bit.json,5_b402_seg_000078_leftImg8bit.png,2,Zwu,480,2048
5_b402_seg_000079_leftImg8bit.json,5_b402_seg_000079_leftImg8bit.png,1,Zwu,480,2048
5_b402_seg_000080_leftImg8bit.json,5_b402_seg_000080_leftImg8bit.png,1,Zwu,480,2048
5_b402_seg_000081_leftImg8bit.json,5_b402_seg_000081_leftImg8bit.png,1,Zwu,480,2048
5_b402_seg_000082_leftImg8bit.json,5_b402_seg_000082_leftImg8bit.png,1,Zwu,480,2048
5_b402_seg_000083_leftImg8bit.json,5_b402_seg_000083_leftImg8bit.png,2,Zwu,480,2048
5_b402_seg_000084_leftImg8bit.json,5_b402_seg_000084_leftImg8bit.png,1,Zwu,480,2048
5_b402_seg_000085_leftImg8bit.json,5_b402_seg_000085_leftImg8bit.png,1,Zwu,480,2048
5_b402_seg_000086_leftImg8bit.json,5_b402_seg_000086_leftImg8bit.png,5,Zwu,480,2048
5_b402_seg_000087_leftImg8bit.json,5_b402_seg_000087_leftImg8bit.png,1,Zwu,480,2048
5_b402_seg_000088_leftImg8bit.json,5_b402_seg_000088_leftImg8bit.png,2,Zwu,480,2048
5_b402_seg_000089_leftImg8bit.json,5_b402_seg_000089_leftImg8bit.png,2,Zwu,480,2048
5_b402_seg_000090_leftImg8bit.json,5_b402_seg_000090_leftImg8bit.png,7,Zwu,480,2048
5_b402_seg_000091_leftImg8bit.json,5_b402_seg_000091_leftImg8bit.png,1,Zwu,480,2048
5_b402_seg_000092_leftImg8bit.json,5_b402_seg_000092_leftImg8bit.png,2,Zwu,480,2048
5_b402_seg_000093_leftImg8bit.json,5_b402_seg_000093_leftImg8bit.png,1,Zwu,480,2048
5_b402_seg_000094_leftImg8bit.json,5_b402_seg_000094_leftImg8bit.png,1,Zwu,480,2048
5_b402_seg_000095_leftImg8bit.json,5_b402_seg_000095_leftImg8bit.png,2,Zwu,480,2048
5_b402_seg_000096_leftImg8bit.json,5_b402_seg_000096_leftImg8bit.png,13,Zwu,480,2048
5_b402_seg_000097_leftImg8bit.json,5_b402_seg_000097_leftImg8bit.png,1,Zwu,480,2048
5_b402_seg_000098_leftImg8bit.json,5_b402_seg_000098_leftImg8bit.png,3,Zwu,480,2048
5_b402_seg_000099_leftImg8bit.json,5_b402_seg_000099_leftImg8bit.png,1,Zwu,480,2048
5_b402_seg_000100_leftImg8bit.json,5_b402_seg_000100_leftImg8bit.png,1,Zwu,480,2048
5_b402_seg_000101_leftImg8bit.json,5_b402_seg_000101_leftImg8bit.png,2,Zwu,480,2048
5_b402_seg_000102_leftImg8bit.json,5_b402_seg_000102_leftImg8bit.png,1,Zwu,480,2048
5_b402_seg_000103_leftImg8bit.json,5_b402_seg_000103_leftImg8bit.png,1,Zwu,480,2048
5_b402_seg_000104_leftImg8bit.json,5_b402_seg_000104_leftImg8bit.png,1,Zwu,480,2048
5_b402_seg_000105_leftImg8bit.json,5_b402_seg_000105_leftImg8bit.png,1,Zwu,480,2048
5_b402_seg_000106_leftImg8bit.json,5_b402_seg_000106_leftImg8bit.png,3,Zwu,480,2048
5_b402_seg_000107_leftImg8bit.json,5_b402_seg_000107_leftImg8bit.png,1,Zwu,480,2048
5_b402_seg_000108_leftImg8bit.json,5_b402_seg_000108_leftImg8bit.png,1,Zwu,480,2048
5_b402_seg_000109_leftImg8bit.json,5_b402_seg_000109_leftImg8bit.png,1,Zwu,480,2048
5_b402_seg_000110_leftImg8bit.json,5_b402_seg_000110_leftImg8bit.png,5,Zwu,480,2048
5_b402_seg_000111_leftImg8bit.json,5_b402_seg_000111_leftImg8bit.png,2,Zwu,480,2048
5_b402_seg_000112_leftImg8bit.json,5_b402_seg_000112_leftImg8bit.png,1,Zwu,480,2048
5_b402_seg_000113_leftImg8bit.json,5_b402_seg_000113_leftImg8bit.png,6,Zwu,480,2048
5_b402_seg_000114_leftImg8bit.json,5_b402_seg_000114_leftImg8bit.png,2,Zwu,480,2048
5_b402_seg_000115_leftImg8bit.json,5_b402_seg_000115_leftImg8bit.png,2,Zwu,480,2048
5_b402_seg_000116_leftImg8bit.json,5_b402_seg_000116_leftImg8bit.png,1,Zwu,480,2048
5_b402_seg_000117_leftImg8bit.json,5_b402_seg_000117_leftImg8bit.png,1,Zwu,480,2048
5_b402_seg_000118_leftImg8bit.json,5_b402_seg_000118_leftImg8bit.png,1,Zwu,480,2048
5_b402_seg_000119_leftImg8bit.json,5_b402_seg_000119_leftImg8bit.png,1,Zwu,480,2048
5_b402_seg_000120_leftImg8bit.json,5_b402_seg_000120_leftImg8bit.png,1,Zwu,480,2048
5_b402_seg_000121_leftImg8bit.json,5_b402_seg_000121_leftImg8bit.png,2,Zwu,480,2048
5_b402_seg_000122_leftImg8bit.json,5_b402_seg_000122_leftImg8bit.png,4,Zwu,480,2048
5_b402_seg_000123_leftImg8bit.json,5_b402_seg_000123_leftImg8bit.png,1,Zwu,480,2048
5_b402_seg_000124_leftImg8bit.json,5_b402_seg_000124_leftImg8bit.png,2,Zwu,480,2048
5_b402_seg_000125_leftImg8bit.json,5_b402_seg_000125_leftImg8bit.png,1,Zwu,480,2048
5_b402_seg_000126_leftImg8bit.json,5_b402_seg_000126_leftImg8bit.png,1,Zwu,480,2048
5_b402_seg_000127_leftImg8bit.json,5_b402_seg_000127_leftImg8bit.png,2,Zwu,480,2048
5_b402_seg_000128_leftImg8bit.json,5_b402_seg_000128_leftImg8bit.png,1,Zwu,480,2048
5_b402_seg_000129_leftImg8bit.json,5_b402_seg_000129_leftImg8bit.png,1,Zwu,480,2048
5_b402_seg_000130_leftImg8bit.json,5_b402_seg_000130_leftImg8bit.png,1,Zwu,480,2048
5_b402_seg_000131_leftImg8bit.json,5_b402_seg_000131_leftImg8bit.png,1,Zwu,480,2048
5_b402_seg_000132_leftImg8bit.json,5_b402_seg_000132_leftImg8bit.png,1,Zwu,480,2048
5_b402_seg_000133_leftImg8bit.json,5_b402_seg_000133_leftImg8bit.png,2,Zwu,480,2048
5_b402_seg_000134_leftImg8bit.json,5_b402_seg_000134_leftImg8bit.png,1,Zwu,480,2048
5_b402_seg_000135_leftImg8bit.json,5_b402_seg_000135_leftImg8bit.png,6,Zwu,480,2048
5_b402_seg_000136_leftImg8bit.json,5_b402_seg_000136_leftImg8bit.png,6,Zwu,480,2048
5_b402_seg_000137_leftImg8bit.json,5_b402_seg_000137_leftImg8bit.png,4,Zwu,480,2048
5_b402_seg_000138_leftImg8bit.json,5_b402_seg_000138_leftImg8bit.png,3,Zwu,480,2048
5_b402_seg_000139_leftImg8bit.json,5_b402_seg_000139_leftImg8bit.png,1,Zwu,480,2048
5_b402_seg_000140_leftImg8bit.json,5_b402_seg_000140_leftImg8bit.png,1,Zwu,480,2048
5_b402_seg_000141_leftImg8bit.json,5_b402_seg_000141_leftImg8bit.png,1,Zwu,480,2048
5_b402_seg_000142_leftImg8bit.json,5_b402_seg_000142_leftImg8bit.png,3,Zwu,480,2048
5_b402_seg_000143_leftImg8bit.json,5_b402_seg_000143_leftImg8bit.png,2,Zwu,480,2048
5_b402_seg_000144_leftImg8bit.json,5_b402_seg_000144_leftImg8bit.png,6,Zwu,480,2048
5_b402_seg_000145_leftImg8bit.json,5_b402_seg_000145_leftImg8bit.png,2,Zwu,480,2048
5_b402_seg_000146_leftImg8bit.json,5_b402_seg_000146_leftImg8bit.png,1,Zwu,480,2048
5_b402_seg_000147_leftImg8bit.json,5_b402_seg_000147_leftImg8bit.png,1,Zwu,480,2048
5_b402_seg_000148_leftImg8bit.json,5_b402_seg_000148_leftImg8bit.png,2,Zwu,480,2048
5_b402_seg_000149_leftImg8bit.json,5_b402_seg_000149_leftImg8bit.png,4,Zwu,480,2048
5_b402_seg_000150_leftImg8bit.json,5_b402_seg_000150_leftImg8bit.png,3,Zwu,480,2048
5_b402_seg_000151_leftImg8bit.json,5_b402_seg_000151_leftImg8bit.png,2,Zwu,480,2048
5_b402_seg_000152_leftImg8bit.json,5_b402_seg_000152_leftImg8bit.png,7,Zwu,480,2048
5_b402_seg_000153_leftImg8bit.json,5_b402_seg_000153_leftImg8bit.png,1,Zwu,480,2048
5_b402_seg_000154_leftImg8bit.json,5_b402_seg_000154_leftImg8bit.png,4,Zwu,480,2048
5_b402_seg_000155_leftImg8bit.json,5_b402_seg_000155_leftImg8bit.png,1,Zwu,480,2048
5_b402_seg_000156_leftImg8bit.json,5_b402_seg_000156_leftImg8bit.png,2,Zwu,480,2048
5_b402_seg_000157_leftImg8bit.json,5_b402_seg_000157_leftImg8bit.png,4,Zwu,480,2048
5_b402_seg_000158_leftImg8bit.json,5_b402_seg_000158_leftImg8bit.png,2,Zwu,480,2048
5_b402_seg_000159_leftImg8bit.json,5_b402_seg_000159_leftImg8bit.png,4,Zwu,480,2048
5_b402_seg_000160_leftImg8bit.json,5_b402_seg_000160_leftImg8bit.png,8,Zwu,480,2048
5_b402_seg_000161_leftImg8bit.json,5_b402_seg_000161_leftImg8bit.png,2,Zwu,480,2048
5_b402_seg_000162_leftImg8bit.json,5_b402_seg_000162_leftImg8bit.png,2,Zwu,480,2048
5_b402_seg_000163_leftImg8bit.json,5_b402_seg_000163_leftImg8bit.png,1,Zwu,480,2048
5_b402_seg_000164_leftImg8bit.json,5_b402_seg_000164_leftImg8bit.png,1,Zwu,480,2048
5_b402_seg_000165_leftImg8bit.json,5_b402_seg_000165_leftImg8bit.png,1,Zwu,480,2048
5_b402_seg_000166_leftImg8bit.json,5_b402_seg_000166_leftImg8bit.png,1,Zwu,480,2048
5_b402_seg_000167_leftImg8bit.json,5_b402_seg_000167_leftImg8bit.png,3,Zwu,480,2048
5_b402_seg_000168_leftImg8bit.json,5_b402_seg_000168_leftImg8bit.png,1,Zwu,480,2048
5_b402_seg_000169_leftImg8bit.json,5_b402_seg_000169_leftImg8bit.png,3,Zwu,480,2048
5_b402_seg_000170_leftImg8bit.json,5_b402_seg_000170_leftImg8bit.png,1,Zwu,480,2048
5_b402_seg_000171_leftImg8bit.json,5_b402_seg_000171_leftImg8bit.png,1,Zwu,480,2048
5_b402_seg_000172_leftImg8bit.json,5_b402_seg_000172_leftImg8bit.png,1,Zwu,480,2048
5_b402_seg_000173_leftImg8bit.json,5_b402_seg_000173_leftImg8bit.png,1,Zwu,480,2048
5_b402_seg_000174_leftImg8bit.json,5_b402_seg_000174_leftImg8bit.png,4,Zwu,480,2048
5_b402_seg_000175_leftImg8bit.json,5_b402_seg_000175_leftImg8bit.png,3,Zwu,480,2048
5_b402_seg_000176_leftImg8bit.json,5_b402_seg_000176_leftImg8bit.png,1,Zwu,480,2048
5_b402_seg_000177_leftImg8bit.json,5_b402_seg_000177_leftImg8bit.png,3,Zwu,480,2048
5_b402_seg_000178_leftImg8bit.json,5_b402_seg_000178_leftImg8bit.png,5,Zwu,480,2048
5_b402_seg_000179_leftImg8bit.json,5_b402_seg_000179_leftImg8bit.png,2,Zwu,480,2048
5_b402_seg_000180_leftImg8bit.json,5_b402_seg_000180_leftImg8bit.png,2,Zwu,480,2048
5_b402_seg_000181_leftImg8bit.json,5_b402_seg_000181_leftImg8bit.png,1,Zwu,480,2048
5_b402_seg_000182_leftImg8bit.json,5_b402_seg_000182_leftImg8bit.png,2,Zwu,480,2048
5_b402_seg_000183_leftImg8bit.json,5_b402_seg_000183_leftImg8bit.png,1,Zwu,480,2048
5_b402_seg_000184_leftImg8bit.json,5_b402_seg_000184_leftImg8bit.png,1,Zwu,480,2048
5_b402_seg_000185_leftImg8bit.json,5_b402_seg_000185_leftImg8bit.png,3,Zwu,480,2048
5_b402_seg_000186_leftImg8bit.json,5_b402_seg_000186_leftImg8bit.png,1,Zwu,480,2048
5_b402_seg_000187_leftImg8bit.json,5_b402_seg_000187_leftImg8bit.png,1,Zwu,480,2048
5_b402_seg_000188_leftImg8bit.json,5_b402_seg_000188_leftImg8bit.png,2,Zwu,480,2048
5_b402_seg_000189_leftImg8bit.json,5_b402_seg_000189_leftImg8bit.png,1,Zwu,480,2048
5_b402_seg_000190_leftImg8bit.json,5_b402_seg_000190_leftImg8bit.png,2,Zwu,480,2048
5_b402_seg_000191_leftImg8bit.json,5_b402_seg_000191_leftImg8bit.png,2,Zwu,480,2048
5_b402_seg_000192_leftImg8bit.json,5_b402_seg_000192_leftImg8bit.png,3,Zwu,480,2048
5_b402_seg_000193_leftImg8bit.json,5_b402_seg_000193_leftImg8bit.png,1,Zwu,480,2048
5_b402_seg_000194_leftImg8bit.json,5_b402_seg_000194_leftImg8bit.png,1,Zwu,480,2048
5_b402_seg_000195_leftImg8bit.json,5_b402_seg_000195_leftImg8bit.png,2,Zwu,480,2048
5_b402_seg_000196_leftImg8bit.json,5_b402_seg_000196_leftImg8bit.png,2,Zwu,480,2048
5_b402_seg_000197_leftImg8bit.json,5_b402_seg_000197_leftImg8bit.png,1,Zwu,480,2048
5_b402_seg_000198_leftImg8bit.json,5_b402_seg_000198_leftImg8bit.png,1,Zwu,480,2048
5_b402_seg_000199_leftImg8bit.json,5_b402_seg_000199_leftImg8bit.png,4,Zwu,480,2048
5_b402_seg_000200_leftImg8bit.json,5_b402_seg_000200_leftImg8bit.png,2,Zwu,480,2048
5_b402_seg_000201_leftImg8bit.json,5_b402_seg_000201_leftImg8bit.png,1,Zwu,480,2048
5_b402_seg_000202_leftImg8bit.json,5_b402_seg_000202_leftImg8bit.png,1,Zwu,480,2048
5_b402_seg_000203_leftImg8bit.json,5_b402_seg_000203_leftImg8bit.png,2,Zwu,480,2048
5_b402_seg_000204_leftImg8bit.json,5_b402_seg_000204_leftImg8bit.png,1,Zwu,480,2048
5_b402_seg_000205_leftImg8bit.json,5_b402_seg_000205_leftImg8bit.png,2,Zwu,480,2048
5_b402_seg_000206_leftImg8bit.json,5_b402_seg_000206_leftImg8bit.png,1,Zwu,480,2048
5_b402_seg_000207_leftImg8bit.json,5_b402_seg_000207_leftImg8bit.png,2,Zwu,480,2048
5_b402_seg_000208_leftImg8bit.json,5_b402_seg_000208_leftImg8bit.png,1,Zwu,480,2048
5_b402_seg_000209_leftImg8bit.json,5_b402_seg_000209_leftImg8bit.png,1,Zwu,480,2048
5_b402_seg_000210_leftImg8bit.json,5_b402_seg_000210_leftImg8bit.png,1,Zwu,480,2048
5_b402_seg_000211_leftImg8bit.json,5_b402_seg_000211_leftImg8bit.png,1,Zwu,480,2048
5_b402_seg_000212_leftImg8bit.json,5_b402_seg_000212_leftImg8bit.png,2,Zwu,480,2048
5_b402_seg_000213_leftImg8bit.json,5_b402_seg_000213_leftImg8bit.png,9,Zwu,480,2048
5_b402_seg_000214_leftImg8bit.json,5_b402_seg_000214_leftImg8bit.png,1,Zwu,480,2048
5_b402_seg_000215_leftImg8bit.json,5_b402_seg_000215_leftImg8bit.png,1,Zwu,480,2048
5_b402_seg_000216_leftImg8bit.json,5_b402_seg_000216_leftImg8bit.png,1,Zwu,480,2048
5_b402_seg_000217_leftImg8bit.json,5_b402_seg_000217_leftImg8bit.png,2,Zwu,480,2048
5_b402_seg_000218_leftImg8bit.json,5_b402_seg_000218_leftImg8bit.png,2,Zwu,480,2048
5_b402_seg_000219_leftImg8bit.json,5_b402_seg_000219_leftImg8bit.png,1,Zwu,480,2048
5_b402_seg_000220_leftImg8bit.json,5_b402_seg_000220_leftImg8bit.png,1,Zwu,480,2048
5_b402_seg_000221_leftImg8bit.json,5_b402_seg_000221_leftImg8bit.png,1,Zwu,480,2048
5_b402_seg_000222_leftImg8bit.json,5_b402_seg_000222_leftImg8bit.png,1,Zwu,480,2048
5_b402_seg_000223_leftImg8bit.json,5_b402_seg_000223_leftImg8bit.png,1,Zwu,480,2048
5_b402_seg_000224_leftImg8bit.json,5_b402_seg_000224_leftImg8bit.png,1,Zwu,480,2048
5_b402_seg_000225_leftImg8bit.json,5_b402_seg_000225_leftImg8bit.png,1,Zwu,480,2048
5_b402_seg_000226_leftImg8bit.json,5_b402_seg_000226_leftImg8bit.png,3,Zwu,480,2048
5_b402_seg_000227_leftImg8bit.json,5_b402_seg_000227_leftImg8bit.png,2,Zwu,480,2048
5_b402_seg_000228_leftImg8bit.json,5_b402_seg_000228_leftImg8bit.png,4,Zwu,480,2048
5_b402_seg_000229_leftImg8bit.json,5_b402_seg_000229_leftImg8bit.png,2,Zwu,480,2048
5_b402_seg_000230_leftImg8bit.json,5_b402_seg_000230_leftImg8bit.png,6,Zwu,480,2048
5_b402_seg_000231_leftImg8bit.json,5_b402_seg_000231_leftImg8bit.png,4,Zwu,480,2048
5_b402_seg_000232_leftImg8bit.json,5_b402_seg_000232_leftImg8bit.png,5,Zwu,480,2048
5_b402_seg_000233_leftImg8bit.json,5_b402_seg_000233_leftImg8bit.png,1,Zwu,480,2048
5_b402_seg_000234_leftImg8bit.json,5_b402_seg_000234_leftImg8bit.png,1,Zwu,480,2048
5_b402_seg_000235_leftImg8bit.json,5_b402_seg_000235_leftImg8bit.png,1,Zwu,480,2048
5_b402_seg_000236_leftImg8bit.json,5_b402_seg_000236_leftImg8bit.png,2,Zwu,480,2048
5_b402_seg_000237_leftImg8bit.json,5_b402_seg_000237_leftImg8bit.png,1,Zwu,480,2048
5_b402_seg_000238_leftImg8bit.json,5_b402_seg_000238_leftImg8bit.png,1,Zwu,480,2048
5_b402_seg_000239_leftImg8bit.json,5_b402_seg_000239_leftImg8bit.png,1,Zwu,480,2048
5_b402_seg_000240_leftImg8bit.json,5_b402_seg_000240_leftImg8bit.png,2,Zwu,480,2048
5_b402_seg_000241_leftImg8bit.json,5_b402_seg_000241_leftImg8bit.png,2,Zwu,480,2048
5_b402_seg_000242_leftImg8bit.json,5_b402_seg_000242_leftImg8bit.png,5,Zwu,480,2048
5_b402_seg_000243_leftImg8bit.json,5_b402_seg_000243_leftImg8bit.png,4,Zwu,480,2048
5_b402_seg_000244_leftImg8bit.json,5_b402_seg_000244_leftImg8bit.png,1,Zwu,480,2048
5_b402_seg_000245_leftImg8bit.json,5_b402_seg_000245_leftImg8bit.png,1,Zwu,480,2048
5_b402_seg_000246_leftImg8bit.json,5_b402_seg_000246_leftImg8bit.png,1,Zwu,480,2048
5_b402_seg_000247_leftImg8bit.json,5_b402_seg_000247_leftImg8bit.png,2,Zwu,480,2048
5_b402_seg_000248_leftImg8bit.json,5_b402_seg_000248_leftImg8bit.png,2,Zwu,480,2048
5_b402_seg_000249_leftImg8bit.json,5_b402_seg_000249_leftImg8bit.png,1,Zwu,480,2048
5_b402_seg_000250_leftImg8bit.json,5_b402_seg_000250_leftImg8bit.png,1,Zwu,480,2048
5_b402_seg_000251_leftImg8bit.json,5_b402_seg_000251_leftImg8bit.png,1,Zwu,480,2048
5_b402_seg_000252_leftImg8bit.json,5_b402_seg_000252_leftImg8bit.png,1,Zwu,480,2048
5_b402_seg_000253_leftImg8bit.json,5_b402_seg_000253_leftImg8bit.png,2,Zwu,480,2048
5_b402_seg_000254_leftImg8bit.json,5_b402_seg_000254_leftImg8bit.png,1,Zwu,480,2048
5_b402_seg_000255_leftImg8bit.json,5_b402_seg_000255_leftImg8bit.png,1,Zwu,480,2048
5_b402_seg_000256_leftImg8bit.json,5_b402_seg_000256_leftImg8bit.png,1,Zwu,480,2048
5_b402_seg_000257_leftImg8bit.json,5_b402_seg_000257_leftImg8bit.png,1,Zwu,480,2048
5_b402_seg_000258_leftImg8bit.json,5_b402_seg_000258_leftImg8bit.png,1,Zwu,480,2048
5_b402_seg_000259_leftImg8bit.json,5_b402_seg_000259_leftImg8bit.png,1,Zwu,480,2048
5_b402_seg_000260_leftImg8bit.json,5_b402_seg_000260_leftImg8bit.png,1,Zwu,480,2048
5_b402_seg_000261_leftImg8bit.json,5_b402_seg_000261_leftImg8bit.png,1,Zwu,480,2048
5_b402_seg_000262_leftImg8bit.json,5_b402_seg_000262_leftImg8bit.png,1,Zwu,480,2048
5_b402_seg_000263_leftImg8bit.json,5_b402_seg_000263_leftImg8bit.png,2,Zwu,480,2048
5_b402_seg_000264_leftImg8bit.json,5_b402_seg_000264_leftImg8bit.png,1,Zwu,480,2048
5_b402_seg_000265_leftImg8bit.json,5_b402_seg_000265_leftImg8bit.png,1,Zwu,480,2048
5_b402_seg_000266_leftImg8bit.json,5_b402_seg_000266_leftImg8bit.png,1,Zwu,480,2048
5_b402_seg_000267_leftImg8bit.json,5_b402_seg_000267_leftImg8bit.png,1,Zwu,480,2048
5_b402_seg_000268_leftImg8bit.json,5_b402_seg_000268_leftImg8bit.png,2,Zwu,480,2048
5_b402_seg_000269_leftImg8bit.json,5_b402_seg_000269_leftImg8bit.png,1,Zwu,480,2048
5_b402_seg_000270_leftImg8bit.json,5_b402_seg_000270_leftImg8bit.png,2,Zwu,480,2048
5_b402_seg_000271_leftImg8bit.json,5_b402_seg_000271_leftImg8bit.png,1,Zwu,480,2048
5_b402_seg_000272_leftImg8bit.json,5_b402_seg_000272_leftImg8bit.png,1,Zwu,480,2048
5_b402_seg_000273_leftImg8bit.json,5_b402_seg_000273_leftImg8bit.png,1,Zwu,480,2048
5_b402_seg_000274_leftImg8bit.json,5_b402_seg_000274_leftImg8bit.png,1,Zwu,480,2048
5_b402_seg_000275_leftImg8bit.json,5_b402_seg_000275_leftImg8bit.png,4,Zwu,480,2048
5_b402_seg_000276_leftImg8bit.json,5_b402_seg_000276_leftImg8bit.png,1,Zwu,480,2048
5_b402_seg_000277_leftImg8bit.json,5_b402_seg_000277_leftImg8bit.png,1,Zwu,480,2048
5_b402_seg_000278_leftImg8bit.json,5_b402_seg_000278_leftImg8bit.png,2,Zwu,480,2048
5_b402_seg_000279_leftImg8bit.json,5_b402_seg_000279_leftImg8bit.png,2,Zwu,480,2048
5_b402_seg_000280_leftImg8bit.json,5_b402_seg_000280_leftImg8bit.png,2,Zwu,480,2048
5_b402_seg_000281_leftImg8bit.json,5_b402_seg_000281_leftImg8bit.png,1,Zwu,480,2048
5_b402_seg_000282_leftImg8bit.json,5_b402_seg_000282_leftImg8bit.png,1,Zwu,480,2048
5_b402_seg_000283_leftImg8bit.json,5_b402_seg_000283_leftImg8bit.png,1,Zwu,480,2048
5_b402_seg_000284_leftImg8bit.json,5_b402_seg_000284_leftImg8bit.png,4,Zwu,480,2048
5_b402_seg_000285_leftImg8bit.json,5_b402_seg_000285_leftImg8bit.png,1,Zwu,480,2048
5_b402_seg_000286_leftImg8bit.json,5_b402_seg_000286_leftImg8bit.png,3,Zwu,480,2048
5_b402_seg_000287_leftImg8bit.json,5_b402_seg_000287_leftImg8bit.png,2,Zwu,480,2048
5_b402_seg_000288_leftImg8bit.json,5_b402_seg_000288_leftImg8bit.png,2,Zwu,480,2048
5_b402_seg_000289_leftImg8bit.json,5_b402_seg_000289_leftImg8bit.png,1,Zwu,480,2048
5_b402_seg_000290_leftImg8bit.json,5_b402_seg_000290_leftImg8bit.png,2,Zwu,480,2048
5_b402_seg_000291_leftImg8bit.json,5_b402_seg_000291_leftImg8bit.png,3,Zwu,480,2048
5_b402_seg_000292_leftImg8bit.json,5_b402_seg_000292_leftImg8bit.png,1,Zwu,480,2048
5_b402_seg_000293_leftImg8bit.json,5_b402_seg_000293_leftImg8bit.png,1,Zwu,480,2048
5_b402_seg_000294_leftImg8bit.json,5_b402_seg_000294_leftImg8bit.png,1,Zwu,480,2048
5_b402_seg_000295_leftImg8bit.json,5_b402_seg_000295_leftImg8bit.png,1,Zwu,480,2048
5_b402_seg_000296_leftImg8bit.json,5_b402_seg_000296_leftImg8bit.png,1,Zwu,480,2048
5_b402_seg_000297_leftImg8bit.json,5_b402_seg_000297_leftImg8bit.png,2,Zwu,480,2048
5_b402_seg_000298_leftImg8bit.json,5_b402_seg_000298_leftImg8bit.png,1,Zwu,480,2048
5_b402_seg_000299_leftImg8bit.json,5_b402_seg_000299_leftImg8bit.png,1,Zwu,480,2048
5_b402_seg_000300_leftImg8bit.json,5_b402_seg_000300_leftImg8bit.png,3,Zwu,480,2048
5_b402_seg_000301_leftImg8bit.json,5_b402_seg_000301_leftImg8bit.png,1,Zwu,480,2048
5_b402_seg_000302_leftImg8bit.json,5_b402_seg_000302_leftImg8bit.png,1,Zwu,480,2048
5_b402_seg_000303_leftImg8bit.json,5_b402_seg_000303_leftImg8bit.png,3,Zwu,480,2048
5_b402_seg_000304_leftImg8bit.json,5_b402_seg_000304_leftImg8bit.png,1,Zwu,480,2048
5_b402_seg_000305_leftImg8bit.json,5_b402_seg_000305_leftImg8bit.png,3,Zwu,480,2048
5_b402_seg_000306_leftImg8bit.json,5_b402_seg_000306_leftImg8bit.png,2,Zwu,480,2048
5_b402_seg_000307_leftImg8bit.json,5_b402_seg_000307_leftImg8bit.png,1,Zwu,480,2048
5_b402_seg_000308_leftImg8bit.json,5_b402_seg_000308_leftImg8bit.png,1,Zwu,480,2048
5_b402_seg_000309_leftImg8bit.json,5_b402_seg_000309_leftImg8bit.png,1,Zwu,480,2048
5_b402_seg_000310_leftImg8bit.json,5_b402_seg_000310_leftImg8bit.png,2,Zwu,480,2048
5_b402_seg_000311_leftImg8bit.json,5_b402_seg_000311_leftImg8bit.png,2,Zwu,480,2048
5_b402_seg_000312_leftImg8bit.json,5_b402_seg_000312_leftImg8bit.png,1,Zwu,480,2048
5_b402_seg_000313_leftImg8bit.json,5_b402_seg_000313_leftImg8bit.png,1,Zwu,480,2048
5_b402_seg_000314_leftImg8bit.json,5_b402_seg_000314_leftImg8bit.png,2,Zwu,480,2048
5_b402_seg_000315_leftImg8bit.json,5_b402_seg_000315_leftImg8bit.png,2,Zwu,480,2048
5_b402_seg_000316_leftImg8bit.json,5_b402_seg_000316_leftImg8bit.png,2,Zwu,480,2048
5_b402_seg_000317_leftImg8bit.json,5_b402_seg_000317_leftImg8bit.png,1,Zwu,480,2048
5_b402_seg_000318_leftImg8bit.json,5_b402_seg_000318_leftImg8bit.png,2,Zwu,480,2048
5_b402_seg_000319_leftImg8bit.json,5_b402_seg_000319_leftImg8bit.png,2,Zwu,480,2048
5_b402_seg_000320_leftImg8bit.json,5_b402_seg_000320_leftImg8bit.png,1,Zwu,480,2048
5_b402_seg_000321_leftImg8bit.json,5_b402_seg_000321_leftImg8bit.png,1,Zwu,480,2048
5_b402_seg_000322_leftImg8bit.json,5_b402_seg_000322_leftImg8bit.png,2,Zwu,480,2048
5_b402_seg_000323_leftImg8bit.json,5_b402_seg_000323_leftImg8bit.png,3,Zwu,480,2048
5_b402_seg_000324_leftImg8bit.json,5_b402_seg_000324_leftImg8bit.png,1,Zwu,480,2048
5_b402_seg_000325_leftImg8bit.json,5_b402_seg_000325_leftImg8bit.png,1,Zwu,480,2048
5_b402_seg_000326_leftImg8bit.json,5_b402_seg_000326_leftImg8bit.png,2,Zwu,480,2048
5_b402_seg_000327_leftImg8bit.json,5_b402_seg_000327_leftImg8bit.png,2,Zwu,480,2048
5_b402_seg_000328_leftImg8bit.json,5_b402_seg_000328_leftImg8bit.png,2,Zwu,480,2048
5_b402_seg_000329_leftImg8bit.json,5_b402_seg_000329_leftImg8bit.png,2,Zwu,480,2048
5_b402_seg_000330_leftImg8bit.json,5_b402_seg_000330_leftImg8bit.png,4,Zwu,480,2048
5_b402_seg_000331_leftImg8bit.json,5_b402_seg_000331_leftImg8bit.png,1,Zwu,480,2048
5_b402_seg_000332_leftImg8bit.json,5_b402_seg_000332_leftImg8bit.png,2,Zwu,480,2048
5_b402_seg_000333_leftImg8bit.json,5_b402_seg_000333_leftImg8bit.png,2,Zwu,480,2048
5_b402_seg_000334_leftImg8bit.json,5_b402_seg_000334_leftImg8bit.png,4,Zwu,480,2048
5_b402_seg_000335_leftImg8bit.json,5_b402_seg_000335_leftImg8bit.png,1,Zwu,480,2048
5_b402_seg_000336_leftImg8bit.json,5_b402_seg_000336_leftImg8bit.png,4,Zwu,480,2048
5_b402_seg_000337_leftImg8bit.json,5_b402_seg_000337_leftImg8bit.png,1,Zwu,480,2048
5_b402_seg_000338_leftImg8bit.json,5_b402_seg_000338_leftImg8bit.png,1,Zwu,480,2048
5_b402_seg_000339_leftImg8bit.json,5_b402_seg_000339_leftImg8bit.png,1,Zwu,480,2048
5_b402_seg_000340_leftImg8bit.json,5_b402_seg_000340_leftImg8bit.png,2,Zwu,480,2048
5_b402_seg_000341_leftImg8bit.json,5_b402_seg_000341_leftImg8bit.png,1,Zwu,480,2048
5_b402_seg_000342_leftImg8bit.json,5_b402_seg_000342_leftImg8bit.png,3,Zwu,480,2048
5_b402_seg_000343_leftImg8bit.json,5_b402_seg_000343_leftImg8bit.png,9,Zwu,480,2048
5_b402_seg_000344_leftImg8bit.json,5_b402_seg_000344_leftImg8bit.png,1,Zwu,480,2048
5_b402_seg_000345_leftImg8bit.json,5_b402_seg_000345_leftImg8bit.png,4,Zwu,480,2048
5_b402_seg_000346_leftImg8bit.json,5_b402_seg_000346_leftImg8bit.png,2,Zwu,480,2048
5_b402_seg_000347_leftImg8bit.json,5_b402_seg_000347_leftImg8bit.png,2,Zwu,480,2048
5_b402_seg_000348_leftImg8bit.json,5_b402_seg_000348_leftImg8bit.png,6,Zwu,480,2048
5_b402_seg_000349_leftImg8bit.json,5_b402_seg_000349_leftImg8bit.png,1,Zwu,480,2048
5_b402_seg_000350_leftImg8bit.json,5_b402_seg_000350_leftImg8bit.png,1,Zwu,480,2048
5_b402_seg_000351_leftImg8bit.json,5_b402_seg_000351_leftImg8bit.png,1,Zwu,480,2048
5_b402_seg_000352_leftImg8bit.json,5_b402_seg_000352_leftImg8bit.png,1,Zwu,480,2048
5_b402_seg_000353_leftImg8bit.json,5_b402_seg_000353_leftImg8bit.png,1,Zwu,480,2048
5_b402_seg_000354_leftImg8bit.json,5_b402_seg_000354_leftImg8bit.png,1,Zwu,480,2048
5_b402_seg_000355_leftImg8bit.json,5_b402_seg_000355_leftImg8bit.png,2,Zwu,480,2048
5_b402_seg_000356_leftImg8bit.json,5_b402_seg_000356_leftImg8bit.png,1,Zwu,480,2048
5_b402_seg_000357_leftImg8bit.json,5_b402_seg_000357_leftImg8bit.png,1,Zwu,480,2048
5_b402_seg_000358_leftImg8bit.json,5_b402_seg_000358_leftImg8bit.png,1,Zwu,480,2048
5_b402_seg_000359_leftImg8bit.json,5_b402_seg_000359_leftImg8bit.png,1,Zwu,480,2048
5_b402_seg_000360_leftImg8bit.json,5_b402_seg_000360_leftImg8bit.png,1,Zwu,480,2048
5_b402_seg_000361_leftImg8bit.json,5_b402_seg_000361_leftImg8bit.png,1,Zwu,480,2048
5_b402_seg_000362_leftImg8bit.json,5_b402_seg_000362_leftImg8bit.png,1,Zwu,480,2048
5_b402_seg_000363_leftImg8bit.json,5_b402_seg_000363_leftImg8bit.png,1,Zwu,480,2048
5_b402_seg_000364_leftImg8bit.json,5_b402_seg_000364_leftImg8bit.png,1,Zwu,480,2048
5_b402_seg_000365_leftImg8bit.json,5_b402_seg_000365_leftImg8bit.png,1,Zwu,480,2048
5_b402_seg_000366_leftImg8bit.json,5_b402_seg_000366_leftImg8bit.png,2,Zwu,480,2048
5_b402_seg_000367_leftImg8bit.json,5_b402_seg_000367_leftImg8bit.png,5,Zwu,480,2048
5_b402_seg_000368_leftImg8bit.json,5_b402_seg_000368_leftImg8bit.png,1,Zwu,480,2048
5_b402_seg_000369_leftImg8bit.json,5_b402_seg_000369_leftImg8bit.png,1,Zwu,480,2048
5_b402_seg_000370_leftImg8bit.json,5_b402_seg_000370_leftImg8bit.png,1,Zwu,480,2048
5_b402_seg_000371_leftImg8bit.json,5_b402_seg_000371_leftImg8bit.png,3,Zwu,480,2048
5_b402_seg_000372_leftImg8bit.json,5_b402_seg_000372_leftImg8bit.png,1,Zwu,480,2048
5_b402_seg_000373_leftImg8bit.json,5_b402_seg_000373_leftImg8bit.png,1,Zwu,480,2048
5_b402_seg_000374_leftImg8bit.json,5_b402_seg_000374_leftImg8bit.png,1,Zwu,480,2048
5_b402_seg_000375_leftImg8bit.json,5_b402_seg_000375_leftImg8bit.png,1,Zwu,480,2048
5_b402_seg_000376_leftImg8bit.json,5_b402_seg_000376_leftImg8bit.png,1,Zwu,480,2048
5_b402_seg_000377_leftImg8bit.json,5_b402_seg_000377_leftImg8bit.png,2,Zwu,480,2048
5_b402_seg_000378_leftImg8bit.json,5_b402_seg_000378_leftImg8bit.png,6,Zwu,480,2048
5_b402_seg_000379_leftImg8bit.json,5_b402_seg_000379_leftImg8bit.png,1,Zwu,480,2048
5_b402_seg_000380_leftImg8bit.json,5_b402_seg_000380_leftImg8bit.png,1,Zwu,480,2048
5_b402_seg_000381_leftImg8bit.json,5_b402_seg_000381_leftImg8bit.png,1,Zwu,480,2048
5_b402_seg_000382_leftImg8bit.json,5_b402_seg_000382_leftImg8bit.png,1,Zwu,480,2048
5_b402_seg_000383_leftImg8bit.json,5_b402_seg_000383_leftImg8bit.png,1,Zwu,480,2048
5_b402_seg_000384_leftImg8bit.json,5_b402_seg_000384_leftImg8bit.png,2,Zwu,480,2048
5_b402_seg_000385_leftImg8bit.json,5_b402_seg_000385_leftImg8bit.png,1,Zwu,480,2048
5_b402_seg_000386_leftImg8bit.json,5_b402_seg_000386_leftImg8bit.png,1,Zwu,480,2048
5_b402_seg_000387_leftImg8bit.json,5_b402_seg_000387_leftImg8bit.png,1,Zwu,480,2048
5_b402_seg_000388_leftImg8bit.json,5_b402_seg_000388_leftImg8bit.png,1,Zwu,480,2048
5_b402_seg_000389_leftImg8bit.json,5_b402_seg_000389_leftImg8bit.png,10,Zwu,480,2048
5_b402_seg_000390_leftImg8bit.json,5_b402_seg_000390_leftImg8bit.png,1,Zwu,480,2048
5_b402_seg_000391_leftImg8bit.json,5_b402_seg_000391_leftImg8bit.png,2,Zwu,480,2048
5_b402_seg_000392_leftImg8bit.json,5_b402_seg_000392_leftImg8bit.png,2,Zwu,480,2048
5_b402_seg_000393_leftImg8bit.json,5_b402_seg_000393_leftImg8bit.png,2,Zwu,480,2048
5_b402_seg_000394_leftImg8bit.json,5_b402_seg_000394_leftImg8bit.png,2,Zwu,480,2048
5_b402_seg_000395_leftImg8bit.json,5_b402_seg_000395_leftImg8bit.png,1,Zwu,480,2048
5_b402_seg_000396_leftImg8bit.json,5_b402_seg_000396_leftImg8bit.png,1,Zwu,480,2048
5_b402_seg_000397_leftImg8bit.json,5_b402_seg_000397_leftImg8bit.png,1,Zwu,480,2048
5_b402_seg_000398_leftImg8bit.json,5_b402_seg_000398_leftImg8bit.png,3,Zwu,480,2048
5_b402_seg_000399_leftImg8bit.json,5_b402_seg_000399_leftImg8bit.png,1,Zwu,480,2048
5_b402_seg_000400_leftImg8bit.json,5_b402_seg_000400_leftImg8bit.png,1,Zwu,480,2048
5_b402_seg_000001_leftImg8bit.json,5_b402_seg_000001_leftImg8bit.png,1,maosi,2000,2500
5_b402_seg_000002_leftImg8bit.json,5_b402_seg_000002_leftImg8bit.png,2,OK_dent;yiwu,2000,2500
5_b402_seg_000003_leftImg8bit.json,5_b402_seg_000003_leftImg8bit.png,7,yiwu,2000,2500
5_b402_seg_000004_leftImg8bit.json,5_b402_seg_000004_leftImg8bit.png,2,OK_dent;yiwu,2000,2500
5_b402_seg_000005_leftImg8bit.json,5_b402_seg_000005_leftImg8bit.png,5,maosi;yiwu,2000,2500
5_b402_seg_000006_leftImg8bit.json,5_b402_seg_000006_leftImg8bit.png,9,yiwu;zangwu,2000,2500
5_b402_seg_000007_leftImg8bit.json,5_b402_seg_000007_leftImg8bit.png,3,Dyashang;yiwu,2000,2500
5_b402_seg_000008_leftImg8bit.json,5_b402_seg_000008_leftImg8bit.png,3,yiwu,2000,2500
5_b402_seg_000009_leftImg8bit.json,5_b402_seg_000009_leftImg8bit.png,3,maosi;yiwu,2000,2500
5_b402_seg_000010_leftImg8bit.json,5_b402_seg_000010_leftImg8bit.png,8,yiwu,2000,2500
5_b402_seg_000011_leftImg8bit.json,5_b402_seg_000011_leftImg8bit.png,4,yashang;yiwu,2000,2500
5_b402_seg_000012_leftImg8bit.json,5_b402_seg_000012_leftImg8bit.png,5,maosi;yiwu,2000,2500
5_b402_seg_000013_leftImg8bit.json,5_b402_seg_000013_leftImg8bit.png,4,yiwu,2000,2500
5_b402_seg_000014_leftImg8bit.json,5_b402_seg_000014_leftImg8bit.png,2,maosi;yiwu,2000,2500
5_b402_seg_000015_leftImg8bit.json,5_b402_seg_000015_leftImg8bit.png,5,maosi;yiwu,2000,2500
5_b402_seg_000016_leftImg8bit.json,5_b402_seg_000016_leftImg8bit.png,3,yiwu,2000,2500
5_b402_seg_000017_leftImg8bit.json,5_b402_seg_000017_leftImg8bit.png,7,maosi;yiwu;zangwu,2000,2500
5_b402_seg_000018_leftImg8bit.json,5_b402_seg_000018_leftImg8bit.png,1,yiwu,2000,2500
5_b402_seg_000019_leftImg8bit.json,5_b402_seg_000019_leftImg8bit.png,4,yiwu,2000,2500
5_b402_seg_000020_leftImg8bit.json,5_b402_seg_000020_leftImg8bit.png,3,yiwu,2000,2500
5_b402_seg_000021_leftImg8bit.json,5_b402_seg_000021_leftImg8bit.png,9,yashang;yiwu,2000,2500
5_b402_seg_000022_leftImg8bit.json,5_b402_seg_000022_leftImg8bit.png,3,yiwu,2000,2500
5_b402_seg_000023_leftImg8bit.json,5_b402_seg_000023_leftImg8bit.png,7,maosi;yiwu;zangwu,2000,2500
5_b402_seg_000024_leftImg8bit.json,5_b402_seg_000024_leftImg8bit.png,3,maosi;yiwu,2000,2500
5_b402_seg_000025_leftImg8bit.json,5_b402_seg_000025_leftImg8bit.png,3,sanjiao;yiwu,2000,2500
5_b402_seg_000026_leftImg8bit.json,5_b402_seg_000026_leftImg8bit.png,6,sanjiao;yiwu,2000,2500
5_b402_seg_000027_leftImg8bit.json,5_b402_seg_000027_leftImg8bit.png,6,sanjiao;yiwu,2000,2500
5_b402_seg_000028_leftImg8bit.json,5_b402_seg_000028_leftImg8bit.png,4,yiwu,2000,2500
5_b402_seg_000029_leftImg8bit.json,5_b402_seg_000029_leftImg8bit.png,3,yashang;yiwu;zangwu,2000,2500
5_b402_seg_000030_leftImg8bit.json,5_b402_seg_000030_leftImg8bit.png,2,yiwu;zangwu,2000,2500
5_b402_seg_000031_leftImg8bit.json,5_b402_seg_000031_leftImg8bit.png,4,yashang;yiwu;zangwu,2000,2500
5_b402_seg_000032_leftImg8bit.json,5_b402_seg_000032_leftImg8bit.png,2,huashang;yiwu,2000,2500
5_b402_seg_000033_leftImg8bit.json,5_b402_seg_000033_leftImg8bit.png,3,maosi;yiwu,2000,2500
5_b402_seg_000034_leftImg8bit.json,5_b402_seg_000034_leftImg8bit.png,3,maosi;yiwu,2000,2500
5_b402_seg_000035_leftImg8bit.json,5_b402_seg_000035_leftImg8bit.png,3,maosi;yiwu,2000,2500
5_b402_seg_000036_leftImg8bit.json,5_b402_seg_000036_leftImg8bit.png,9,maosi;yiwu,2000,2500
5_b402_seg_000037_leftImg8bit.json,5_b402_seg_000037_leftImg8bit.png,3,yiwu,2000,2500
5_b402_seg_000038_leftImg8bit.json,5_b402_seg_000038_leftImg8bit.png,7,yiwu,2000,2500
5_b402_seg_000039_leftImg8bit.json,5_b402_seg_000039_leftImg8bit.png,3,yiwu,2000,2500
5_b402_seg_000040_leftImg8bit.json,5_b402_seg_000040_leftImg8bit.png,3,maosi;yiwu,2000,2500
5_b402_seg_000041_leftImg8bit.json,5_b402_seg_000041_leftImg8bit.png,5,yiwu,2000,2500
5_b402_seg_000042_leftImg8bit.json,5_b402_seg_000042_leftImg8bit.png,5,maosi;yiwu,2000,2500
5_b402_seg_000043_leftImg8bit.json,5_b402_seg_000043_leftImg8bit.png,3,yashang;yiwu,2000,2500
5_b402_seg_000044_leftImg8bit.json,5_b402_seg_000044_leftImg8bit.png,6,Dyashang;huashang;yiwu,2000,2500
5_b402_seg_000045_leftImg8bit.json,5_b402_seg_000045_leftImg8bit.png,3,maosi;yiwu,2000,2500
5_b402_seg_000046_leftImg8bit.json,5_b402_seg_000046_leftImg8bit.png,4,maosi;yiwu,2000,2500
5_b402_seg_000047_leftImg8bit.json,5_b402_seg_000047_leftImg8bit.png,2,yiwu,2000,2500
5_b402_seg_000048_leftImg8bit.json,5_b402_seg_000048_leftImg8bit.png,3,Dyashang;yiwu;zangwu,2000,2500
5_b402_seg_000049_leftImg8bit.json,5_b402_seg_000049_leftImg8bit.png,3,maosi;yiwu,2000,2500
5_b402_seg_000050_leftImg8bit.json,5_b402_seg_000050_leftImg8bit.png,9,maosi;yiwu,2000,2500
5_b402_seg_000051_leftImg8bit.json,5_b402_seg_000051_leftImg8bit.png,3,maosi;yiwu,2000,2500
5_b402_seg_000052_leftImg8bit.json,5_b402_seg_000052_leftImg8bit.png,2,maosi,2000,2500
5_b402_seg_000053_leftImg8bit.json,5_b402_seg_000053_leftImg8bit.png,5,maosi;yiwu,2000,2500
5_b402_seg_000054_leftImg8bit.json,5_b402_seg_000054_leftImg8bit.png,4,maosi;yiwu,2000,2500
5_b402_seg_000055_leftImg8bit.json,5_b402_seg_000055_leftImg8bit.png,7,maosi,2000,2500
5_b402_seg_000056_leftImg8bit.json,5_b402_seg_000056_leftImg8bit.png,11,Flexyashang;maosi;yashang;yiwu;zangwu,2000,2500
5_b402_seg_000057_leftImg8bit.json,5_b402_seg_000057_leftImg8bit.png,15,Flexyashang;maosi;sanjiao;yashang;yiwu,2000,2500
5_b402_seg_000058_leftImg8bit.json,5_b402_seg_000058_leftImg8bit.png,24,duanlie;maosi;yashang;yiwu;zangwu,2000,2500
5_b402_seg_000059_leftImg8bit.json,5_b402_seg_000059_leftImg8bit.png,11,Dyashang;Flexyashang;maosi;sanjiao;yashang;yiwu,2000,2500
5_b402_seg_000060_leftImg8bit.json,5_b402_seg_000060_leftImg8bit.png,4,maosi;yiwu,2000,2500
5_b402_seg_000061_leftImg8bit.json,5_b402_seg_000061_leftImg8bit.png,13,maosi;yashang;yiwu,2000,2500
5_b402_seg_000062_leftImg8bit.json,5_b402_seg_000062_leftImg8bit.png,9,Dyashang;maosi;yiwu,2000,2500
5_b402_seg_000063_leftImg8bit.json,5_b402_seg_000063_leftImg8bit.png,7,maosi;sanjiao;yiwu;zangwu,2000,2500
5_b402_seg_000064_leftImg8bit.json,5_b402_seg_000064_leftImg8bit.png,6,Dyashang;maosi;yashang;yiwu;zangwu,2000,2500
5_b402_seg_000065_leftImg8bit.json,5_b402_seg_000065_leftImg8bit.png,4,Dyashang;maosi;yiwu,2000,2500
5_b402_seg_000066_leftImg8bit.json,5_b402_seg_000066_leftImg8bit.png,2,OK_dent;maosi,2000,2500
5_b402_seg_000067_leftImg8bit.json,5_b402_seg_000067_leftImg8bit.png,5,Dyashang;maosi;yiwu,2000,2500
5_b402_seg_000068_leftImg8bit.json,5_b402_seg_000068_leftImg8bit.png,7,maosi;yiwu,2000,2500
5_b402_seg_000069_leftImg8bit.json,5_b402_seg_000069_leftImg8bit.png,8,maosi;yashang;yiwu,2000,2500
5_b402_seg_000070_leftImg8bit.json,5_b402_seg_000070_leftImg8bit.png,12,maosi;yashang;yiwu,2000,2500
5_b402_seg_000071_leftImg8bit.json,5_b402_seg_000071_leftImg8bit.png,12,maosi;yashang;yiwu,2000,2500
5_b402_seg_000072_leftImg8bit.json,5_b402_seg_000072_leftImg8bit.png,14,maosi;yashang;yiwu,2000,2500
5_b402_seg_000073_leftImg8bit.json,5_b402_seg_000073_leftImg8bit.png,1,yiwu,2000,2500
5_b402_seg_000074_leftImg8bit.json,5_b402_seg_000074_leftImg8bit.png,1,yiwu,2000,2500
5_b402_seg_000075_leftImg8bit.json,5_b402_seg_000075_leftImg8bit.png,1,yiwu,2000,2500
5_b402_seg_000076_leftImg8bit.json,5_b402_seg_000076_leftImg8bit.png,2,yiwu,2000,2500
5_b402_seg_000077_leftImg8bit.json,5_b402_seg_000077_leftImg8bit.png,9,OK_dent;maosi,2000,2500
5_b402_seg_000078_leftImg8bit.json,5_b402_seg_000078_leftImg8bit.png,1,yiwu,2000,2500
5_b402_seg_000079_leftImg8bit.json,5_b402_seg_000079_leftImg8bit.png,1,yiwu,2000,2500
5_b402_seg_000080_leftImg8bit.json,5_b402_seg_000080_leftImg8bit.png,1,yiwu,2000,2500
5_b402_seg_000081_leftImg8bit.json,5_b402_seg_000081_leftImg8bit.png,1,yiwu,2000,2500
5_b402_seg_000082_leftImg8bit.json,5_b402_seg_000082_leftImg8bit.png,1,yiwu,2000,2500
5_b402_seg_000083_leftImg8bit.json,5_b402_seg_000083_leftImg8bit.png,1,yiwu,2000,2500
5_b402_seg_000084_leftImg8bit.json,5_b402_seg_000084_leftImg8bit.png,1,yiwu,2000,2500
5_b402_seg_000085_leftImg8bit.json,5_b402_seg_000085_leftImg8bit.png,1,yiwu,2000,2500
5_b402_seg_000086_leftImg8bit.json,5_b402_seg_000086_leftImg8bit.png,5,yiwu,2000,2500
5_b402_seg_000087_leftImg8bit.json,5_b402_seg_000087_leftImg8bit.png,1,yiwu,2000,2500
5_b402_seg_000088_leftImg8bit.json,5_b402_seg_000088_leftImg8bit.png,2,OK_dent;maosi,2000,2500
5_b402_seg_000089_leftImg8bit.json,5_b402_seg_000089_leftImg8bit.png,1,yiwu,2000,2500
5_b402_seg_000090_leftImg8bit.json,5_b402_seg_000090_leftImg8bit.png,2,yiwu,2000,2500
5_b402_seg_000091_leftImg8bit.json,5_b402_seg_000091_leftImg8bit.png,4,yiwu,2000,2500
5_b402_seg_000092_leftImg8bit.json,5_b402_seg_000092_leftImg8bit.png,2,yiwu,2000,2500
5_b402_seg_000093_leftImg8bit.json,5_b402_seg_000093_leftImg8bit.png,2,yiwu,2000,2500
5_b402_seg_000094_leftImg8bit.json,5_b402_seg_000094_leftImg8bit.png,2,yiwu,2000,2500
5_b402_seg_000095_leftImg8bit.json,5_b402_seg_000095_leftImg8bit.png,2,yiwu,2000,2500
5_b402_seg_000096_leftImg8bit.json,5_b402_seg_000096_leftImg8bit.png,1,yiwu,2000,2500
5_b402_seg_000097_leftImg8bit.json,5_b402_seg_000097_leftImg8bit.png,3,yiwu,2000,2500
5_b402_seg_000098_leftImg8bit.json,5_b402_seg_000098_leftImg8bit.png,3,yiwu,2000,2500
5_b402_seg_000099_leftImg8bit.json,5_b402_seg_000099_leftImg8bit.png,9,OK_dent;maosi,2000,2500
5_b402_seg_000100_leftImg8bit.json,5_b402_seg_000100_leftImg8bit.png,1,yiwu,2000,2500
5_b402_seg_000101_leftImg8bit.json,5_b402_seg_000101_leftImg8bit.png,1,yiwu,2000,2500
5_b402_seg_000102_leftImg8bit.json,5_b402_seg_000102_leftImg8bit.png,2,yiwu,2000,2500
5_b402_seg_000103_leftImg8bit.json,5_b402_seg_000103_leftImg8bit.png,1,yiwu,2000,2500
5_b402_seg_000104_leftImg8bit.json,5_b402_seg_000104_leftImg8bit.png,1,yiwu,2000,2500
5_b402_seg_000105_leftImg8bit.json,5_b402_seg_000105_leftImg8bit.png,1,yiwu,2000,2500
5_b402_seg_000106_leftImg8bit.json,5_b402_seg_000106_leftImg8bit.png,1,yiwu,2000,2500
5_b402_seg_000107_leftImg8bit.json,5_b402_seg_000107_leftImg8bit.png,1,yiwu,2000,2500
5_b402_seg_000108_leftImg8bit.json,5_b402_seg_000108_leftImg8bit.png,2,yiwu,2000,2500
5_b402_seg_000109_leftImg8bit.json,5_b402_seg_000109_leftImg8bit.png,1,yiwu,2000,2500
5_b402_seg_000110_leftImg8bit.json,5_b402_seg_000110_leftImg8bit.png,5,maosi;yiwu,2000,2500
5_b402_seg_000111_leftImg8bit.json,5_b402_seg_000111_leftImg8bit.png,1,yiwu,2000,2500
5_b402_seg_000112_leftImg8bit.json,5_b402_seg_000112_leftImg8bit.png,2,yiwu,2000,2500
5_b402_seg_000113_leftImg8bit.json,5_b402_seg_000113_leftImg8bit.png,2,yiwu,2000,2500
5_b402_seg_000114_leftImg8bit.json,5_b402_seg_000114_leftImg8bit.png,1,yiwu,2000,2500
5_b402_seg_000115_leftImg8bit.json,5_b402_seg_000115_leftImg8bit.png,1,yiwu,2000,2500
5_b402_seg_000116_leftImg8bit.json,5_b402_seg_000116_leftImg8bit.png,1,yiwu,2000,2500
5_b402_seg_000117_leftImg8bit.json,5_b402_seg_000117_leftImg8bit.png,1,yiwu,2000,2500
5_b402_seg_000118_leftImg8bit.json,5_b402_seg_000118_leftImg8bit.png,2,yiwu,2000,2500
5_b402_seg_000119_leftImg8bit.json,5_b402_seg_000119_leftImg8bit.png,2,yiwu,2000,2500
5_b402_seg_000120_leftImg8bit.json,5_b402_seg_000120_leftImg8bit.png,1,yiwu,2000,2500
5_b402_seg_000121_leftImg8bit.json,5_b402_seg_000121_leftImg8bit.png,2,Dyashang;maosi,2000,2500
5_b402_seg_000122_leftImg8bit.json,5_b402_seg_000122_leftImg8bit.png,2,yiwu,2000,2500
5_b402_seg_000123_leftImg8bit.json,5_b402_seg_000123_leftImg8bit.png,3,yiwu,2000,2500
5_b402_seg_000124_leftImg8bit.json,5_b402_seg_000124_leftImg8bit.png,1,yiwu,2000,2500
5_b402_seg_000125_leftImg8bit.json,5_b402_seg_000125_leftImg8bit.png,1,yiwu,2000,2500
5_b402_seg_000126_leftImg8bit.json,5_b402_seg_000126_leftImg8bit.png,1,yiwu,2000,2500
5_b402_seg_000127_leftImg8bit.json,5_b402_seg_000127_leftImg8bit.png,1,yiwu,2000,2500
5_b402_seg_000128_leftImg8bit.json,5_b402_seg_000128_leftImg8bit.png,2,OK_dent;yiwu,2000,2500
5_b402_seg_000129_leftImg8bit.json,5_b402_seg_000129_leftImg8bit.png,3,Dyashang;OK;yiwu,2000,2500
5_b402_seg_000130_leftImg8bit.json,5_b402_seg_000130_leftImg8bit.png,2,OK_dent;yiwu,2000,2500
5_b402_seg_000131_leftImg8bit.json,5_b402_seg_000131_leftImg8bit.png,2,OK_dent;yiwu,2000,2500
5_b402_seg_000132_leftImg8bit.json,5_b402_seg_000132_leftImg8bit.png,3,maosi;yiwu,2000,2500
5_b402_seg_000133_leftImg8bit.json,5_b402_seg_000133_leftImg8bit.png,2,OK_dent;yiwu,2000,2500
5_b402_seg_000134_leftImg8bit.json,5_b402_seg_000134_leftImg8bit.png,3,OK_dent;yiwu,2000,2500
5_b402_seg_000135_leftImg8bit.json,5_b402_seg_000135_leftImg8bit.png,2,OK_dent;yiwu,2000,2500
5_b402_seg_000136_leftImg8bit.json,5_b402_seg_000136_leftImg8bit.png,2,OK_dent;yiwu,2000,2500
5_b402_seg_000137_leftImg8bit.json,5_b402_seg_000137_leftImg8bit.png,2,OK_dent;yiwu,2000,2500
5_b402_seg_000138_leftImg8bit.json,5_b402_seg_000138_leftImg8bit.png,2,OK_dent;yiwu,2000,2500
5_b402_seg_000139_leftImg8bit.json,5_b402_seg_000139_leftImg8bit.png,3,Dyashang;OK;yiwu,2000,2500
5_b402_seg_000140_leftImg8bit.json,5_b402_seg_000140_leftImg8bit.png,2,OK_dent;yiwu,2000,2500
5_b402_seg_000141_leftImg8bit.json,5_b402_seg_000141_leftImg8bit.png,2,OK_dent;yiwu,2000,2500
5_b402_seg_000142_leftImg8bit.json,5_b402_seg_000142_leftImg8bit.png,2,OK_dent;yiwu,2000,2500
5_b402_seg_000143_leftImg8bit.json,5_b402_seg_000143_leftImg8bit.png,2,maosi;yiwu,2000,2500
5_b402_seg_000501_leftImg8bit.json,5_b402_seg_000501_leftImg8bit.png,4,yiwu,2000,2500
5_b402_seg_000502_leftImg8bit.json,5_b402_seg_000502_leftImg8bit.png,1,yiwu,2000,2500
5_b402_seg_000503_leftImg8bit.json,5_b402_seg_000503_leftImg8bit.png,6,yiwu,2000,2500
5_b402_seg_000504_leftImg8bit.json,5_b402_seg_000504_leftImg8bit.png,11,yiwu,2000,2500
5_b402_seg_000505_leftImg8bit.json,5_b402_seg_000505_leftImg8bit.png,1,yiwu,2000,2500
5_b402_seg_000506_leftImg8bit.json,5_b402_seg_000506_leftImg8bit.png,4,yiwu,2000,2500
5_b402_seg_000507_leftImg8bit.json,5_b402_seg_000507_leftImg8bit.png,3,yiwu,2000,2500
5_b402_seg_000508_leftImg8bit.json,5_b402_seg_000508_leftImg8bit.png,7,yiwu,2000,2500
5_b402_seg_000509_leftImg8bit.json,5_b402_seg_000509_leftImg8bit.png,10,yiwu,2000,2500
5_b402_seg_000510_leftImg8bit.json,5_b402_seg_000510_leftImg8bit.png,2,yiwu,2000,2500
5_b402_seg_000511_leftImg8bit.json,5_b402_seg_000511_leftImg8bit.png,2,yiwu,2000,2500
5_b402_seg_000512_leftImg8bit.json,5_b402_seg_000512_leftImg8bit.png,19,yiwu,2000,2500
5_b402_seg_000513_leftImg8bit.json,5_b402_seg_000513_leftImg8bit.png,1,yiwu,2000,2500
5_b402_seg_000514_leftImg8bit.json,5_b402_seg_000514_leftImg8bit.png,6,yiwu,2000,2500
5_b402_seg_000515_leftImg8bit.json,5_b402_seg_000515_leftImg8bit.png,2,yiwu,2000,2500
5_b402_seg_000516_leftImg8bit.json,5_b402_seg_000516_leftImg8bit.png,1,yiwu,2000,2500
5_b402_seg_000517_leftImg8bit.json,5_b402_seg_000517_leftImg8bit.png,9,yiwu,2000,2500
5_b402_seg_000518_leftImg8bit.json,5_b402_seg_000518_leftImg8bit.png,12,yiwu,2000,2500
5_b402_seg_000519_leftImg8bit.json,5_b402_seg_000519_leftImg8bit.png,1,yiwu,2000,2500
5_b402_seg_000520_leftImg8bit.json,5_b402_seg_000520_leftImg8bit.png,3,yiwu,2000,2500
5_b402_seg_000521_leftImg8bit.json,5_b402_seg_000521_leftImg8bit.png,10,yiwu,2000,2500
5_b402_seg_000522_leftImg8bit.json,5_b402_seg_000522_leftImg8bit.png,1,yiwu,2000,2500
5_b402_seg_000523_leftImg8bit.json,5_b402_seg_000523_leftImg8bit.png,8,yiwu,2000,2500
5_b402_seg_000524_leftImg8bit.json,5_b402_seg_000524_leftImg8bit.png,2,yiwu,2000,2500
5_b402_seg_000525_leftImg8bit.json,5_b402_seg_000525_leftImg8bit.png,7,yiwu,2000,2500
5_b402_seg_000526_leftImg8bit.json,5_b402_seg_000526_leftImg8bit.png,2,yiwu,2000,2500
5_b402_seg_000527_leftImg8bit.json,5_b402_seg_000527_leftImg8bit.png,4,yiwu,2000,2500
5_b402_seg_000528_leftImg8bit.json,5_b402_seg_000528_leftImg8bit.png,4,yiwu,2000,2500
5_b402_seg_000529_leftImg8bit.json,5_b402_seg_000529_leftImg8bit.png,3,yiwu,2000,2500
5_b402_seg_000530_leftImg8bit.json,5_b402_seg_000530_leftImg8bit.png,2,yiwu,2000,2500
5_b402_seg_000531_leftImg8bit.json,5_b402_seg_000531_leftImg8bit.png,7,yiwu,2000,2500
5_b402_seg_000532_leftImg8bit.json,5_b402_seg_000532_leftImg8bit.png,3,yiwu,2000,2500
5_b402_seg_000533_leftImg8bit.json,5_b402_seg_000533_leftImg8bit.png,1,yiwu,2000,2500
5_b402_seg_000534_leftImg8bit.json,5_b402_seg_000534_leftImg8bit.png,12,yiwu,2000,2500
5_b402_seg_000535_leftImg8bit.json,5_b402_seg_000535_leftImg8bit.png,1,yiwu,2000,2500
5_b402_seg_000536_leftImg8bit.json,5_b402_seg_000536_leftImg8bit.png,4,yiwu,2000,2500
5_b402_seg_000537_leftImg8bit.json,5_b402_seg_000537_leftImg8bit.png,6,yiwu,2000,2500
5_b402_seg_000538_leftImg8bit.json,5_b402_seg_000538_leftImg8bit.png,2,yiwu,2000,2500
5_b402_seg_000539_leftImg8bit.json,5_b402_seg_000539_leftImg8bit.png,4,yiwu,2000,2500
5_b402_seg_000540_leftImg8bit.json,5_b402_seg_000540_leftImg8bit.png,2,yiwu,2000,2500
5_b402_seg_000541_leftImg8bit.json,5_b402_seg_000541_leftImg8bit.png,2,yiwu,2000,2500
5_b402_seg_000542_leftImg8bit.json,5_b402_seg_000542_leftImg8bit.png,2,yiwu,2000,2500
5_b402_seg_000543_leftImg8bit.json,5_b402_seg_000543_leftImg8bit.png,7,yiwu,2000,2500
5_b402_seg_000544_leftImg8bit.json,5_b402_seg_000544_leftImg8bit.png,1,yiwu,2000,2500
5_b402_seg_000545_leftImg8bit.json,5_b402_seg_000545_leftImg8bit.png,1,yiwu,2000,2500
5_b402_seg_000546_leftImg8bit.json,5_b402_seg_000546_leftImg8bit.png,3,yiwu,2000,2500
5_b402_seg_000547_leftImg8bit.json,5_b402_seg_000547_leftImg8bit.png,3,yiwu,2000,2500
5_b402_seg_000548_leftImg8bit.json,5_b402_seg_000548_leftImg8bit.png,2,yiwu,2000,2500
5_b402_seg_000549_leftImg8bit.json,5_b402_seg_000549_leftImg8bit.png,2,yiwu,2000,2500
5_b402_seg_000550_leftImg8bit.json,5_b402_seg_000550_leftImg8bit.png,3,yiwu,2000,2500
5_b402_seg_000551_leftImg8bit.json,5_b402_seg_000551_leftImg8bit.png,2,yiwu,2000,2500
5_b402_seg_000552_leftImg8bit.json,5_b402_seg_000552_leftImg8bit.png,3,yiwu,2000,2500
5_b402_seg_000553_leftImg8bit.json,5_b402_seg_000553_leftImg8bit.png,5,yiwu,2000,2500
5_b402_seg_000554_leftImg8bit.json,5_b402_seg_000554_leftImg8bit.png,3,yiwu,2000,2500
5_b402_seg_000555_leftImg8bit.json,5_b402_seg_000555_leftImg8bit.png,1,yiwu,2000,2500
5_b402_seg_000556_leftImg8bit.json,5_b402_seg_000556_leftImg8bit.png,4,maosi;yiwu,2000,2500
5_b402_seg_000557_leftImg8bit.json,5_b402_seg_000557_leftImg8bit.png,1,yiwu,2000,2500
5_b402_seg_000558_leftImg8bit.json,5_b402_seg_000558_leftImg8bit.png,5,yiwu,2000,2500
5_b402_seg_000559_leftImg8bit.json,5_b402_seg_000559_leftImg8bit.png,4,yiwu,2000,2500
5_b402_seg_000560_leftImg8bit.json,5_b402_seg_000560_leftImg8bit.png,1,yiwu,2000,2500
5_b402_seg_000561_leftImg8bit.json,5_b402_seg_000561_leftImg8bit.png,4,yiwu,2000,2500
5_b402_seg_000562_leftImg8bit.json,5_b402_seg_000562_leftImg8bit.png,1,yiwu,2000,2500
5_b402_seg_000563_leftImg8bit.json,5_b402_seg_000563_leftImg8bit.png,6,yiwu,2000,2500
5_b402_seg_000564_leftImg8bit.json,5_b402_seg_000564_leftImg8bit.png,11,yiwu,2000,2500
5_b402_seg_000565_leftImg8bit.json,5_b402_seg_000565_leftImg8bit.png,1,yiwu,2000,2500
5_b402_seg_000566_leftImg8bit.json,5_b402_seg_000566_leftImg8bit.png,4,yiwu,2000,2500
5_b402_seg_000567_leftImg8bit.json,5_b402_seg_000567_leftImg8bit.png,1,yiwu,2000,2500
5_b402_seg_000568_leftImg8bit.json,5_b402_seg_000568_leftImg8bit.png,3,yiwu,2000,2500
5_b402_seg_000569_leftImg8bit.json,5_b402_seg_000569_leftImg8bit.png,7,yiwu,2000,2500
5_b402_seg_000570_leftImg8bit.json,5_b402_seg_000570_leftImg8bit.png,10,yiwu,2000,2500
5_b402_seg_000571_leftImg8bit.json,5_b402_seg_000571_leftImg8bit.png,2,yiwu,2000,2500
5_b402_seg_000572_leftImg8bit.json,5_b402_seg_000572_leftImg8bit.png,19,yiwu,2000,2500
5_b402_seg_000573_leftImg8bit.json,5_b402_seg_000573_leftImg8bit.png,1,yiwu,2000,2500
5_b402_seg_000574_leftImg8bit.json,5_b402_seg_000574_leftImg8bit.png,6,yiwu,2000,2500
5_b402_seg_000575_leftImg8bit.json,5_b402_seg_000575_leftImg8bit.png,2,yiwu,2000,2500
5_b402_seg_000576_leftImg8bit.json,5_b402_seg_000576_leftImg8bit.png,1,yiwu,2000,2500
5_b402_seg_000577_leftImg8bit.json,5_b402_seg_000577_leftImg8bit.png,9,yiwu,2000,2500
5_b402_seg_000578_leftImg8bit.json,5_b402_seg_000578_leftImg8bit.png,1,yiwu,2000,2500
5_b402_seg_000579_leftImg8bit.json,5_b402_seg_000579_leftImg8bit.png,12,yiwu,2000,2500
5_b402_seg_000580_leftImg8bit.json,5_b402_seg_000580_leftImg8bit.png,1,yiwu,2000,2500
5_b402_seg_000581_leftImg8bit.json,5_b402_seg_000581_leftImg8bit.png,3,yiwu,2000,2500
5_b402_seg_000582_leftImg8bit.json,5_b402_seg_000582_leftImg8bit.png,10,yiwu,2000,2500
5_b402_seg_000583_leftImg8bit.json,5_b402_seg_000583_leftImg8bit.png,8,yiwu,2000,2500
5_b402_seg_000584_leftImg8bit.json,5_b402_seg_000584_leftImg8bit.png,2,yiwu,2000,2500
5_b402_seg_000585_leftImg8bit.json,5_b402_seg_000585_leftImg8bit.png,7,yiwu,2000,2500
5_b402_seg_000586_leftImg8bit.json,5_b402_seg_000586_leftImg8bit.png,2,yiwu,2000,2500
5_b402_seg_000587_leftImg8bit.json,5_b402_seg_000587_leftImg8bit.png,4,yiwu,2000,2500
5_b402_seg_000588_leftImg8bit.json,5_b402_seg_000588_leftImg8bit.png,4,yiwu,2000,2500
5_b402_seg_000589_leftImg8bit.json,5_b402_seg_000589_leftImg8bit.png,1,yiwu,2000,2500
5_b402_seg_000590_leftImg8bit.json,5_b402_seg_000590_leftImg8bit.png,3,yiwu,2000,2500
5_b402_seg_000591_leftImg8bit.json,5_b402_seg_000591_leftImg8bit.png,2,yiwu,2000,2500
5_b402_seg_000592_leftImg8bit.json,5_b402_seg_000592_leftImg8bit.png,7,yiwu,2000,2500
5_b402_seg_000593_leftImg8bit.json,5_b402_seg_000593_leftImg8bit.png,3,yiwu,2000,2500
5_b402_seg_000594_leftImg8bit.json,5_b402_seg_000594_leftImg8bit.png,12,yiwu,2000,2500
5_b402_seg_000595_leftImg8bit.json,5_b402_seg_000595_leftImg8bit.png,3,yiwu,2000,2500
5_b402_seg_000596_leftImg8bit.json,5_b402_seg_000596_leftImg8bit.png,4,yiwu,2000,2500
5_b402_seg_000597_leftImg8bit.json,5_b402_seg_000597_leftImg8bit.png,7,yiwu,2000,2500
5_b402_seg_000598_leftImg8bit.json,5_b402_seg_000598_leftImg8bit.png,4,yiwu,2000,2500
5_b402_seg_000599_leftImg8bit.json,5_b402_seg_000599_leftImg8bit.png,5,yiwu,2000,2500
5_b402_seg_000600_leftImg8bit.json,5_b402_seg_000600_leftImg8bit.png,1,yiwu,2000,2500
5_b402_seg_000601_leftImg8bit.json,5_b402_seg_000601_leftImg8bit.png,2,yiwu,2000,2500
5_b402_seg_000602_leftImg8bit.json,5_b402_seg_000602_leftImg8bit.png,2,yiwu,2000,2500
5_b402_seg_000603_leftImg8bit.json,5_b402_seg_000603_leftImg8bit.png,2,yiwu,2000,2500
5_b402_seg_000604_leftImg8bit.json,5_b402_seg_000604_leftImg8bit.png,8,yiwu,2000,2500
5_b402_seg_000605_leftImg8bit.json,5_b402_seg_000605_leftImg8bit.png,1,yiwu,2000,2500
5_b402_seg_000606_leftImg8bit.json,5_b402_seg_000606_leftImg8bit.png,3,yiwu,2000,2500
5_b402_seg_000607_leftImg8bit.json,5_b402_seg_000607_leftImg8bit.png,3,yiwu,2000,2500
5_b402_seg_000608_leftImg8bit.json,5_b402_seg_000608_leftImg8bit.png,5,yiwu,2000,2500
5_b402_seg_000609_leftImg8bit.json,5_b402_seg_000609_leftImg8bit.png,1,yiwu,2000,2500
5_b402_seg_000610_leftImg8bit.json,5_b402_seg_000610_leftImg8bit.png,1,yiwu,2000,2500
5_b402_seg_000611_leftImg8bit.json,5_b402_seg_000611_leftImg8bit.png,1,yiwu,2000,2500
5_b402_seg_000612_leftImg8bit.json,5_b402_seg_000612_leftImg8bit.png,2,yiwu,2000,2500
5_b402_seg_000613_leftImg8bit.json,5_b402_seg_000613_leftImg8bit.png,1,yiwu,2000,2500
5_b402_seg_000614_leftImg8bit.json,5_b402_seg_000614_leftImg8bit.png,1,yiwu,2000,2500
5_b402_seg_000615_leftImg8bit.json,5_b402_seg_000615_leftImg8bit.png,1,yiwu,2000,2500
5_b402_seg_000616_leftImg8bit.json,5_b402_seg_000616_leftImg8bit.png,2,yiwu,2000,2500
5_b402_seg_000617_leftImg8bit.json,5_b402_seg_000617_leftImg8bit.png,1,yiwu,2000,2500
5_b402_seg_000618_leftImg8bit.json,5_b402_seg_000618_leftImg8bit.png,1,yiwu,2000,2500
5_b402_seg_000619_leftImg8bit.json,5_b402_seg_000619_leftImg8bit.png,1,yiwu,2000,2500
5_b402_seg_000620_leftImg8bit.json,5_b402_seg_000620_leftImg8bit.png,1,yiwu,2000,2500
5_b402_seg_000621_leftImg8bit.json,5_b402_seg_000621_leftImg8bit.png,1,yiwu,2000,2500
5_b402_seg_000622_leftImg8bit.json,5_b402_seg_000622_leftImg8bit.png,1,yiwu,1900,2400
5_b402_seg_000623_leftImg8bit.json,5_b402_seg_000623_leftImg8bit.png,5,yiwu,2000,2500
5_b402_seg_000624_leftImg8bit.json,5_b402_seg_000624_leftImg8bit.png,5,yiwu,2000,2500
5_b402_seg_000625_leftImg8bit.json,5_b402_seg_000625_leftImg8bit.png,5,yiwu,2000,2500
5_b402_seg_000626_leftImg8bit.json,5_b402_seg_000626_leftImg8bit.png,1,yiwu,2000,2500
5_b402_seg_000627_leftImg8bit.json,5_b402_seg_000627_leftImg8bit.png,1,yiwu,2000,2500
5_b402_seg_000628_leftImg8bit.json,5_b402_seg_000628_leftImg8bit.png,1,yiwu,2000,2500
5_b402_seg_000629_leftImg8bit.json,5_b402_seg_000629_leftImg8bit.png,6,yiwu,2000,2500
5_b402_seg_000630_leftImg8bit.json,5_b402_seg_000630_leftImg8bit.png,2,yiwu,2000,2500
5_b402_seg_000631_leftImg8bit.json,5_b402_seg_000631_leftImg8bit.png,5,yiwu,2000,2500
5_b402_seg_000632_leftImg8bit.json,5_b402_seg_000632_leftImg8bit.png,5,yiwu,2000,2500
5_b402_seg_000633_leftImg8bit.json,5_b402_seg_000633_leftImg8bit.png,1,yiwu,1900,2400
5_b402_seg_000634_leftImg8bit.json,5_b402_seg_000634_leftImg8bit.png,2,yiwu,2000,2500
5_b402_seg_000635_leftImg8bit.json,5_b402_seg_000635_leftImg8bit.png,2,yiwu,2000,2500
5_b402_seg_000636_leftImg8bit.json,5_b402_seg_000636_leftImg8bit.png,1,yiwu,2000,2500
5_b402_seg_000637_leftImg8bit.json,5_b402_seg_000637_leftImg8bit.png,1,yiwu,2000,2500
5_b402_seg_000638_leftImg8bit.json,5_b402_seg_000638_leftImg8bit.png,1,yiwu,2000,2500
5_b402_seg_000639_leftImg8bit.json,5_b402_seg_000639_leftImg8bit.png,1,yiwu,2000,2500
5_b402_seg_000640_leftImg8bit.json,5_b402_seg_000640_leftImg8bit.png,1,yiwu,2000,2500
5_b402_seg_000641_leftImg8bit.json,5_b402_seg_000641_leftImg8bit.png,1,yiwu,2000,2500
5_b402_seg_000642_leftImg8bit.json,5_b402_seg_000642_leftImg8bit.png,10,yiwu,2000,2500
5_b402_seg_000643_leftImg8bit.json,5_b402_seg_000643_leftImg8bit.png,10,yiwu,2000,2500
5_b402_seg_000644_leftImg8bit.json,5_b402_seg_000644_leftImg8bit.png,1,yiwu,1900,2400
5_b402_seg_000645_leftImg8bit.json,5_b402_seg_000645_leftImg8bit.png,10,yiwu,2000,2500
5_b402_seg_000646_leftImg8bit.json,5_b402_seg_000646_leftImg8bit.png,10,yiwu,2000,2500
5_b402_seg_000647_leftImg8bit.json,5_b402_seg_000647_leftImg8bit.png,1,yiwu,2000,2500
5_b402_seg_000648_leftImg8bit.json,5_b402_seg_000648_leftImg8bit.png,2,yiwu,2000,2500
5_b402_seg_000649_leftImg8bit.json,5_b402_seg_000649_leftImg8bit.png,2,yiwu,2000,2500
5_b402_seg_000650_leftImg8bit.json,5_b402_seg_000650_leftImg8bit.png,2,yiwu,2000,2500
5_b402_seg_000651_leftImg8bit.json,5_b402_seg_000651_leftImg8bit.png,2,yiwu,2000,2500
5_b402_seg_000652_leftImg8bit.json,5_b402_seg_000652_leftImg8bit.png,2,yiwu,2000,2500
5_b402_seg_000653_leftImg8bit.json,5_b402_seg_000653_leftImg8bit.png,2,yiwu,2000,2500
5_b402_seg_000654_leftImg8bit.json,5_b402_seg_000654_leftImg8bit.png,9,yiwu,2000,2500
5_b402_seg_000655_leftImg8bit.json,5_b402_seg_000655_leftImg8bit.png,1,yiwu,1900,2400
5_b402_seg_000656_leftImg8bit.json,5_b402_seg_000656_leftImg8bit.png,9,yiwu,2000,2500
5_b402_seg_000657_leftImg8bit.json,5_b402_seg_000657_leftImg8bit.png,9,yiwu,2000,2500
5_b402_seg_000658_leftImg8bit.json,5_b402_seg_000658_leftImg8bit.png,9,yiwu,2000,2500
5_b402_seg_000659_leftImg8bit.json,5_b402_seg_000659_leftImg8bit.png,1,yiwu,2000,2500
5_b402_seg_000660_leftImg8bit.json,5_b402_seg_000660_leftImg8bit.png,1,yiwu,2000,2500
5_b402_seg_000661_leftImg8bit.json,5_b402_seg_000661_leftImg8bit.png,1,yiwu,2000,2500
5_b402_seg_000662_leftImg8bit.json,5_b402_seg_000662_leftImg8bit.png,1,yiwu,2000,2500
5_b402_seg_000663_leftImg8bit.json,5_b402_seg_000663_leftImg8bit.png,1,yiwu,2000,2500
5_b402_seg_000664_leftImg8bit.json,5_b402_seg_000664_leftImg8bit.png,1,yiwu,2000,2500
5_b402_seg_000665_leftImg8bit.json,5_b402_seg_000665_leftImg8bit.png,1,yiwu,2000,2500
5_b402_seg_000666_leftImg8bit.json,5_b402_seg_000666_leftImg8bit.png,1,yiwu,1900,2400
5_b402_seg_000667_leftImg8bit.json,5_b402_seg_000667_leftImg8bit.png,1,maosi,2000,2500
5_b402_seg_000668_leftImg8bit.json,5_b402_seg_000668_leftImg8bit.png,1,yiwu,2000,2500
5_b402_seg_000669_leftImg8bit.json,5_b402_seg_000669_leftImg8bit.png,1,yiwu,2000,2500
5_b402_seg_000670_leftImg8bit.json,5_b402_seg_000670_leftImg8bit.png,1,yiwu,2000,2500
5_b402_seg_000671_leftImg8bit.json,5_b402_seg_000671_leftImg8bit.png,1,yiwu,2000,2500
5_b402_seg_000672_leftImg8bit.json,5_b402_seg_000672_leftImg8bit.png,1,yiwu,2000,2500
5_b402_seg_000673_leftImg8bit.json,5_b402_seg_000673_leftImg8bit.png,1,yiwu,2000,2500
5_b402_seg_000674_leftImg8bit.json,5_b402_seg_000674_leftImg8bit.png,2,yiwu,2000,2500
5_b402_seg_000675_leftImg8bit.json,5_b402_seg_000675_leftImg8bit.png,1,yiwu,2000,2500
5_b402_seg_000676_leftImg8bit.json,5_b402_seg_000676_leftImg8bit.png,1,yiwu,2000,2500
5_b402_seg_000677_leftImg8bit.json,5_b402_seg_000677_leftImg8bit.png,1,yiwu,2000,2500
5_b402_seg_000678_leftImg8bit.json,5_b402_seg_000678_leftImg8bit.png,1,yiwu,1900,2400
5_b402_seg_000679_leftImg8bit.json,5_b402_seg_000679_leftImg8bit.png,1,yiwu,2000,2500
5_b402_seg_000680_leftImg8bit.json,5_b402_seg_000680_leftImg8bit.png,2,yiwu,2000,2500
5_b402_seg_000681_leftImg8bit.json,5_b402_seg_000681_leftImg8bit.png,1,yiwu,1900,2400
5_b402_seg_000682_leftImg8bit.json,5_b402_seg_000682_leftImg8bit.png,1,yiwu,2000,2500
5_b402_seg_000683_leftImg8bit.json,5_b402_seg_000683_leftImg8bit.png,4,yiwu,2000,2500
5_b402_seg_000684_leftImg8bit.json,5_b402_seg_000684_leftImg8bit.png,1,yiwu,2000,2500
5_b402_seg_000685_leftImg8bit.json,5_b402_seg_000685_leftImg8bit.png,1,yiwu,2000,2500
5_b402_seg_000686_leftImg8bit.json,5_b402_seg_000686_leftImg8bit.png,1,yiwu,2000,2500
5_b402_seg_000687_leftImg8bit.json,5_b402_seg_000687_leftImg8bit.png,1,yiwu,2000,2500
5_b402_seg_000688_leftImg8bit.json,5_b402_seg_000688_leftImg8bit.png,1,yiwu,2000,2500
5_b402_seg_000689_leftImg8bit.json,5_b402_seg_000689_leftImg8bit.png,1,yiwu,2000,2500
5_b402_seg_000690_leftImg8bit.json,5_b402_seg_000690_leftImg8bit.png,4,maosi;yiwu,2000,2500
5_b402_seg_000691_leftImg8bit.json,5_b402_seg_000691_leftImg8bit.png,1,yiwu,2000,2500
5_b402_seg_000692_leftImg8bit.json,5_b402_seg_000692_leftImg8bit.png,1,yiwu,2000,2500
5_b402_seg_000693_leftImg8bit.json,5_b402_seg_000693_leftImg8bit.png,1,yiwu,2000,2500
5_b402_seg_000694_leftImg8bit.json,5_b402_seg_000694_leftImg8bit.png,1,yiwu,2000,2500
5_b402_seg_000695_leftImg8bit.json,5_b402_seg_000695_leftImg8bit.png,1,yiwu,2000,2500
5_b402_seg_000696_leftImg8bit.json,5_b402_seg_000696_leftImg8bit.png,1,yiwu,2000,2500
5_b402_seg_000697_leftImg8bit.json,5_b402_seg_000697_leftImg8bit.png,1,yiwu,2000,2500
5_b402_seg_000698_leftImg8bit.json,5_b402_seg_000698_leftImg8bit.png,2,yiwu,2000,2500
5_b402_seg_000699_leftImg8bit.json,5_b402_seg_000699_leftImg8bit.png,1,yiwu,2000,2500
5_b402_seg_000700_leftImg8bit.json,5_b402_seg_000700_leftImg8bit.png,1,yiwu,2000,2500
5_b402_seg_000701_leftImg8bit.json,5_b402_seg_000701_leftImg8bit.png,5,maosi;yiwu,2000,2500
5_b402_seg_000702_leftImg8bit.json,5_b402_seg_000702_leftImg8bit.png,1,yiwu,2000,2500
5_b402_seg_000703_leftImg8bit.json,5_b402_seg_000703_leftImg8bit.png,1,yiwu,2000,2500
5_b402_seg_000704_leftImg8bit.json,5_b402_seg_000704_leftImg8bit.png,1,yiwu,2000,2500
5_b402_seg_000705_leftImg8bit.json,5_b402_seg_000705_leftImg8bit.png,1,yiwu,2000,2500
5_b402_seg_000706_leftImg8bit.json,5_b402_seg_000706_leftImg8bit.png,2,yiwu,2000,2500
5_b402_seg_000707_leftImg8bit.json,5_b402_seg_000707_leftImg8bit.png,1,yiwu,2000,2500
5_b402_seg_000708_leftImg8bit.json,5_b402_seg_000708_leftImg8bit.png,1,yiwu,2000,2500
5_b402_seg_000709_leftImg8bit.json,5_b402_seg_000709_leftImg8bit.png,2,yiwu,2000,2500
5_b402_seg_000710_leftImg8bit.json,5_b402_seg_000710_leftImg8bit.png,1,yiwu,2000,2500
5_b402_seg_000711_leftImg8bit.json,5_b402_seg_000711_leftImg8bit.png,1,yiwu,2000,2500
5_b402_seg_000712_leftImg8bit.json,5_b402_seg_000712_leftImg8bit.png,2,maosi;yiwu,2000,2500
5_b402_seg_000001_leftImg8bit.json,5_b402_seg_000001_leftImg8bit.png,1,maosi,2000,2500
5_b402_seg_000002_leftImg8bit.json,5_b402_seg_000002_leftImg8bit.png,1,yiwu,2000,2500
5_b402_seg_000003_leftImg8bit.json,5_b402_seg_000003_leftImg8bit.png,1,yiwu,2000,2500
5_b402_seg_000004_leftImg8bit.json,5_b402_seg_000004_leftImg8bit.png,2,yiwu,2000,2500
5_b402_seg_000005_leftImg8bit.json,5_b402_seg_000005_leftImg8bit.png,1,yiwu,2000,2500
5_b402_seg_000006_leftImg8bit.json,5_b402_seg_000006_leftImg8bit.png,1,yiwu,2000,2500
5_b402_seg_000007_leftImg8bit.json,5_b402_seg_000007_leftImg8bit.png,1,yiwu,2000,2500
5_b402_seg_000008_leftImg8bit.json,5_b402_seg_000008_leftImg8bit.png,2,yiwu,2000,2500
5_b402_seg_000009_leftImg8bit.json,5_b402_seg_000009_leftImg8bit.png,1,yiwu,2000,2500
5_b402_seg_000010_leftImg8bit.json,5_b402_seg_000010_leftImg8bit.png,5,yiwu,2000,2500
5_b402_seg_000011_leftImg8bit.json,5_b402_seg_000011_leftImg8bit.png,1,yiwu,2000,2500
5_b402_seg_000012_leftImg8bit.json,5_b402_seg_000012_leftImg8bit.png,5,maosi;yiwu,2000,2500
5_b402_seg_000013_leftImg8bit.json,5_b402_seg_000013_leftImg8bit.png,1,yiwu,2000,2500
5_b402_seg_000014_leftImg8bit.json,5_b402_seg_000014_leftImg8bit.png,1,yiwu,2000,2500
5_b402_seg_000015_leftImg8bit.json,5_b402_seg_000015_leftImg8bit.png,1,yiwu,2000,2500
5_b402_seg_000016_leftImg8bit.json,5_b402_seg_000016_leftImg8bit.png,1,yiwu,2000,2500
5_b402_seg_000017_leftImg8bit.json,5_b402_seg_000017_leftImg8bit.png,1,yiwu,2000,2500
5_b402_seg_000018_leftImg8bit.json,5_b402_seg_000018_leftImg8bit.png,1,yiwu,2000,2500
5_b402_seg_000019_leftImg8bit.json,5_b402_seg_000019_leftImg8bit.png,1,yiwu,2000,2500
5_b402_seg_000020_leftImg8bit.json,5_b402_seg_000020_leftImg8bit.png,1,yiwu,2000,2500
5_b402_seg_000021_leftImg8bit.json,5_b402_seg_000021_leftImg8bit.png,2,yiwu,2000,2500
5_b402_seg_000022_leftImg8bit.json,5_b402_seg_000022_leftImg8bit.png,3,yiwu,2000,2500
5_b402_seg_000023_leftImg8bit.json,5_b402_seg_000023_leftImg8bit.png,2,maosi;yiwu,2000,2500
5_b402_seg_000024_leftImg8bit.json,5_b402_seg_000024_leftImg8bit.png,1,yiwu,2000,2500
5_b402_seg_000025_leftImg8bit.json,5_b402_seg_000025_leftImg8bit.png,1,yiwu,2000,2500
5_b402_seg_000026_leftImg8bit.json,5_b402_seg_000026_leftImg8bit.png,1,yiwu,2000,2500
5_b402_seg_000027_leftImg8bit.json,5_b402_seg_000027_leftImg8bit.png,1,yiwu,2000,2500
5_b402_seg_000028_leftImg8bit.json,5_b402_seg_000028_leftImg8bit.png,1,yiwu,2000,2500
5_b402_seg_000029_leftImg8bit.json,5_b402_seg_000029_leftImg8bit.png,2,yiwu,2000,2500
5_b402_seg_000030_leftImg8bit.json,5_b402_seg_000030_leftImg8bit.png,3,yiwu,2000,2500
5_b402_seg_000031_leftImg8bit.json,5_b402_seg_000031_leftImg8bit.png,1,yiwu,2000,2500
5_b402_seg_000032_leftImg8bit.json,5_b402_seg_000032_leftImg8bit.png,1,yiwu,2000,2500
5_b402_seg_000033_leftImg8bit.json,5_b402_seg_000033_leftImg8bit.png,1,yiwu,2000,2500
5_b402_seg_000034_leftImg8bit.json,5_b402_seg_000034_leftImg8bit.png,2,maosi;yiwu,2000,2500
5_b402_seg_000035_leftImg8bit.json,5_b402_seg_000035_leftImg8bit.png,1,yiwu,2000,2500
5_b402_seg_000036_leftImg8bit.json,5_b402_seg_000036_leftImg8bit.png,1,yiwu,2000,2500
5_b402_seg_000037_leftImg8bit.json,5_b402_seg_000037_leftImg8bit.png,1,yiwu,2000,2500
5_b402_seg_000038_leftImg8bit.json,5_b402_seg_000038_leftImg8bit.png,1,yiwu,2000,2500
5_b402_seg_000039_leftImg8bit.json,5_b402_seg_000039_leftImg8bit.png,1,yiwu,2000,2500
5_b402_seg_000040_leftImg8bit.json,5_b402_seg_000040_leftImg8bit.png,1,yiwu,2000,2500
5_b402_seg_000041_leftImg8bit.json,5_b402_seg_000041_leftImg8bit.png,4,yiwu,2000,2500
5_b402_seg_000042_leftImg8bit.json,5_b402_seg_000042_leftImg8bit.png,4,yiwu,2000,2500
5_b402_seg_000043_leftImg8bit.json,5_b402_seg_000043_leftImg8bit.png,2,yiwu,2000,2500
5_b402_seg_000044_leftImg8bit.json,5_b402_seg_000044_leftImg8bit.png,5,yiwu,2000,2500
5_b402_seg_000045_leftImg8bit.json,5_b402_seg_000045_leftImg8bit.png,4,maosi;yiwu,2000,2500
5_b402_seg_000046_leftImg8bit.json,5_b402_seg_000046_leftImg8bit.png,5,maosi;yiwu,2000,2500
5_b402_seg_000047_leftImg8bit.json,5_b402_seg_000047_leftImg8bit.png,6,yiwu,2000,2500
5_b402_seg_000048_leftImg8bit.json,5_b402_seg_000048_leftImg8bit.png,1,yiwu,2000,2500
5_b402_seg_000049_leftImg8bit.json,5_b402_seg_000049_leftImg8bit.png,3,yiwu,2000,2500
5_b402_seg_000050_leftImg8bit.json,5_b402_seg_000050_leftImg8bit.png,3,yiwu,2000,2500
5_b402_seg_000051_leftImg8bit.json,5_b402_seg_000051_leftImg8bit.png,4,maosi;yiwu,2000,2500
5_b402_seg_000052_leftImg8bit.json,5_b402_seg_000052_leftImg8bit.png,4,yiwu,2000,2500
5_b402_seg_000053_leftImg8bit.json,5_b402_seg_000053_leftImg8bit.png,5,yiwu,2000,2500
5_b402_seg_000054_leftImg8bit.json,5_b402_seg_000054_leftImg8bit.png,5,yiwu,2000,2500
5_b402_seg_000055_leftImg8bit.json,5_b402_seg_000055_leftImg8bit.png,11,yiwu,2000,2500
5_b402_seg_000056_leftImg8bit.json,5_b402_seg_000056_leftImg8bit.png,1,maosi,2000,2500
5_b402_seg_000057_leftImg8bit.json,5_b402_seg_000057_leftImg8bit.png,13,maosi;yiwu,2000,2500
5_b402_seg_000058_leftImg8bit.json,5_b402_seg_000058_leftImg8bit.png,3,yiwu,2000,2500
5_b402_seg_000059_leftImg8bit.json,5_b402_seg_000059_leftImg8bit.png,5,yiwu,2000,2500
5_b402_seg_000060_leftImg8bit.json,5_b402_seg_000060_leftImg8bit.png,3,yiwu,2000,2500
5_b402_seg_000061_leftImg8bit.json,5_b402_seg_000061_leftImg8bit.png,1,yiwu,2000,2500
5_b402_seg_000062_leftImg8bit.json,5_b402_seg_000062_leftImg8bit.png,3,yiwu,2000,2500
5_b402_seg_000063_leftImg8bit.json,5_b402_seg_000063_leftImg8bit.png,4,maosi;yiwu,2000,2500
5_b402_seg_000064_leftImg8bit.json,5_b402_seg_000064_leftImg8bit.png,9,yiwu,2000,2500
5_b402_seg_000065_leftImg8bit.json,5_b402_seg_000065_leftImg8bit.png,2,yiwu,2000,2500
5_b402_seg_000066_leftImg8bit.json,5_b402_seg_000066_leftImg8bit.png,4,maosi;yiwu,2000,2500
5_b402_seg_000067_leftImg8bit.json,5_b402_seg_000067_leftImg8bit.png,1,maosi,2000,2500
5_b402_seg_000068_leftImg8bit.json,5_b402_seg_000068_leftImg8bit.png,5,yiwu,2000,2500
5_b402_seg_000069_leftImg8bit.json,5_b402_seg_000069_leftImg8bit.png,7,yiwu,2000,2500
5_b402_seg_000070_leftImg8bit.json,5_b402_seg_000070_leftImg8bit.png,7,maosi;yiwu,2000,2500
5_b402_seg_000071_leftImg8bit.json,5_b402_seg_000071_leftImg8bit.png,2,yiwu,2000,2500
5_b402_seg_000072_leftImg8bit.json,5_b402_seg_000072_leftImg8bit.png,12,yiwu,2000,2500
5_b402_seg_000073_leftImg8bit.json,5_b402_seg_000073_leftImg8bit.png,6,yiwu,2000,2500
5_b402_seg_000074_leftImg8bit.json,5_b402_seg_000074_leftImg8bit.png,7,yiwu,2000,2500
5_b402_seg_000075_leftImg8bit.json,5_b402_seg_000075_leftImg8bit.png,10,yiwu,2000,2500
5_b402_seg_000076_leftImg8bit.json,5_b402_seg_000076_leftImg8bit.png,5,yiwu,2000,2500
5_b402_seg_000077_leftImg8bit.json,5_b402_seg_000077_leftImg8bit.png,8,maosi;yiwu,2000,2500
5_b402_seg_000078_leftImg8bit.json,5_b402_seg_000078_leftImg8bit.png,1,maosi,2000,2500
5_b402_seg_000079_leftImg8bit.json,5_b402_seg_000079_leftImg8bit.png,5,maosi;yiwu,2000,2500
5_b402_seg_000080_leftImg8bit.json,5_b402_seg_000080_leftImg8bit.png,6,yiwu,2000,2500
5_b402_seg_000081_leftImg8bit.json,5_b402_seg_000081_leftImg8bit.png,3,yiwu,2000,2500
5_b402_seg_000082_leftImg8bit.json,5_b402_seg_000082_leftImg8bit.png,11,yiwu,2000,2500
5_b402_seg_000083_leftImg8bit.json,5_b402_seg_000083_leftImg8bit.png,4,yiwu,2000,2500
5_b402_seg_000084_leftImg8bit.json,5_b402_seg_000084_leftImg8bit.png,2,yiwu,2000,2500
5_b402_seg_000085_leftImg8bit.json,5_b402_seg_000085_leftImg8bit.png,3,maosi;yiwu,2000,2500
5_b402_seg_000086_leftImg8bit.json,5_b402_seg_000086_leftImg8bit.png,4,yiwu,2000,2500
5_b402_seg_000087_leftImg8bit.json,5_b402_seg_000087_leftImg8bit.png,5,yiwu,2000,2500
5_b402_seg_000088_leftImg8bit.json,5_b402_seg_000088_leftImg8bit.png,6,yiwu,2000,2500
5_b402_seg_000089_leftImg8bit.json,5_b402_seg_000089_leftImg8bit.png,2,maosi,2000,2500
5_b402_seg_000090_leftImg8bit.json,5_b402_seg_000090_leftImg8bit.png,3,maosi;yiwu,2000,2500
5_b402_seg_000091_leftImg8bit.json,5_b402_seg_000091_leftImg8bit.png,4,yiwu,2000,2500
5_b402_seg_000092_leftImg8bit.json,5_b402_seg_000092_leftImg8bit.png,2,yiwu,2000,2500
5_b402_seg_000093_leftImg8bit.json,5_b402_seg_000093_leftImg8bit.png,6,yiwu,2000,2500
5_b402_seg_000094_leftImg8bit.json,5_b402_seg_000094_leftImg8bit.png,2,yiwu,2000,2500
5_b402_seg_000095_leftImg8bit.json,5_b402_seg_000095_leftImg8bit.png,8,yiwu,2000,2500
5_b402_seg_000096_leftImg8bit.json,5_b402_seg_000096_leftImg8bit.png,3,yiwu,2000,2500
5_b402_seg_000097_leftImg8bit.json,5_b402_seg_000097_leftImg8bit.png,4,maosi;yiwu,2000,2500
5_b402_seg_000098_leftImg8bit.json,5_b402_seg_000098_leftImg8bit.png,1,yiwu,2000,2500
5_b402_seg_000099_leftImg8bit.json,5_b402_seg_000099_leftImg8bit.png,7,maosi;yiwu,2000,2500
5_b402_seg_000100_leftImg8bit.json,5_b402_seg_000100_leftImg8bit.png,2,maosi,2000,2500
5_b402_seg_000101_leftImg8bit.json,5_b402_seg_000101_leftImg8bit.png,3,yiwu,2000,2500
5_b402_seg_000102_leftImg8bit.json,5_b402_seg_000102_leftImg8bit.png,5,yiwu,2000,2500
5_b402_seg_000103_leftImg8bit.json,5_b402_seg_000103_leftImg8bit.png,5,yiwu,2000,2500
5_b402_seg_000104_leftImg8bit.json,5_b402_seg_000104_leftImg8bit.png,4,yiwu,2000,2500
5_b402_seg_000105_leftImg8bit.json,5_b402_seg_000105_leftImg8bit.png,7,yiwu,2000,2500
5_b402_seg_000106_leftImg8bit.json,5_b402_seg_000106_leftImg8bit.png,4,yiwu,2000,2500
5_b402_seg_000107_leftImg8bit.json,5_b402_seg_000107_leftImg8bit.png,3,yiwu,2000,2500
5_b402_seg_000108_leftImg8bit.json,5_b402_seg_000108_leftImg8bit.png,11,yiwu,2000,2500
5_b402_seg_000109_leftImg8bit.json,5_b402_seg_000109_leftImg8bit.png,5,maosi;yiwu,2000,2500
5_b402_seg_000110_leftImg8bit.json,5_b402_seg_000110_leftImg8bit.png,11,maosi;yiwu,2000,2500
5_b402_seg_000111_leftImg8bit.json,5_b402_seg_000111_leftImg8bit.png,2,maosi,2000,2500
5_b402_seg_000112_leftImg8bit.json,5_b402_seg_000112_leftImg8bit.png,7,maosi;yiwu,2000,2500
5_b402_seg_000113_leftImg8bit.json,5_b402_seg_000113_leftImg8bit.png,9,yiwu,2000,2500
5_b402_seg_000114_leftImg8bit.json,5_b402_seg_000114_leftImg8bit.png,2,yiwu,2000,2500
5_b402_seg_000115_leftImg8bit.json,5_b402_seg_000115_leftImg8bit.png,11,maosi;yiwu,2000,2500
5_b402_seg_000116_leftImg8bit.json,5_b402_seg_000116_leftImg8bit.png,10,yiwu,2000,2500
5_b402_seg_000117_leftImg8bit.json,5_b402_seg_000117_leftImg8bit.png,4,yiwu,2000,2500
5_b402_seg_000118_leftImg8bit.json,5_b402_seg_000118_leftImg8bit.png,12,maosi;yiwu,2000,2500
5_b402_seg_000119_leftImg8bit.json,5_b402_seg_000119_leftImg8bit.png,6,yiwu,2000,2500
5_b402_seg_000120_leftImg8bit.json,5_b402_seg_000120_leftImg8bit.png,2,yiwu,2000,2500
5_b402_seg_000121_leftImg8bit.json,5_b402_seg_000121_leftImg8bit.png,3,yiwu,2000,2500
5_b402_seg_000122_leftImg8bit.json,5_b402_seg_000122_leftImg8bit.png,3,yiwu,2000,2500
5_b402_seg_000123_leftImg8bit.json,5_b402_seg_000123_leftImg8bit.png,2,maosi,2000,2500
5_b402_seg_000124_leftImg8bit.json,5_b402_seg_000124_leftImg8bit.png,7,maosi;yiwu,2000,2500
5_b402_seg_000125_leftImg8bit.json,5_b402_seg_000125_leftImg8bit.png,1,yiwu,2000,2500
5_b402_seg_000126_leftImg8bit.json,5_b402_seg_000126_leftImg8bit.png,2,maosi;yiwu,2000,2500
5_b402_seg_000127_leftImg8bit.json,5_b402_seg_000127_leftImg8bit.png,4,yiwu,2000,2500
5_b402_seg_000128_leftImg8bit.json,5_b402_seg_000128_leftImg8bit.png,2,yiwu,2000,2500
5_b402_seg_000129_leftImg8bit.json,5_b402_seg_000129_leftImg8bit.png,1,yiwu,2000,2500
5_b402_seg_000130_leftImg8bit.json,5_b402_seg_000130_leftImg8bit.png,2,yiwu,2000,2500
5_b402_seg_000131_leftImg8bit.json,5_b402_seg_000131_leftImg8bit.png,3,yiwu,2000,2500
5_b402_seg_000132_leftImg8bit.json,5_b402_seg_000132_leftImg8bit.png,1,yiwu,2000,2500
5_b402_seg_000133_leftImg8bit.json,5_b402_seg_000133_leftImg8bit.png,2,yiwu,2000,2500
5_b402_seg_000134_leftImg8bit.json,5_b402_seg_000134_leftImg8bit.png,2,maosi,2000,2500
5_b402_seg_000135_leftImg8bit.json,5_b402_seg_000135_leftImg8bit.png,4,yiwu,2000,2500
5_b402_seg_000136_leftImg8bit.json,5_b402_seg_000136_leftImg8bit.png,3,yiwu,2000,2500
5_b402_seg_000137_leftImg8bit.json,5_b402_seg_000137_leftImg8bit.png,9,yiwu,2000,2500
5_b402_seg_000138_leftImg8bit.json,5_b402_seg_000138_leftImg8bit.png,7,yiwu,2000,2500
5_b402_seg_000139_leftImg8bit.json,5_b402_seg_000139_leftImg8bit.png,1,yiwu,2000,2500
5_b402_seg_000140_leftImg8bit.json,5_b402_seg_000140_leftImg8bit.png,3,maosi;yiwu,2000,2500
5_b402_seg_000141_leftImg8bit.json,5_b402_seg_000141_leftImg8bit.png,5,yiwu,2000,2500
5_b402_seg_000142_leftImg8bit.json,5_b402_seg_000142_leftImg8bit.png,8,yiwu,2000,2500
5_b402_seg_000143_leftImg8bit.json,5_b402_seg_000143_leftImg8bit.png,6,maosi;yiwu,2000,2500
5_b402_seg_000144_leftImg8bit.json,5_b402_seg_000144_leftImg8bit.png,4,maosi;yiwu,2000,2500
5_b402_seg_000145_leftImg8bit.json,5_b402_seg_000145_leftImg8bit.png,2,maosi,2000,2500
5_b402_seg_000146_leftImg8bit.json,5_b402_seg_000146_leftImg8bit.png,1,yiwu,2000,2500
5_b402_seg_000147_leftImg8bit.json,5_b402_seg_000147_leftImg8bit.png,1,yiwu,2000,2500
5_b402_seg_000148_leftImg8bit.json,5_b402_seg_000148_leftImg8bit.png,2,yiwu,2000,2500
5_b402_seg_000149_leftImg8bit.json,5_b402_seg_000149_leftImg8bit.png,5,yiwu,2000,2500
5_b402_seg_000150_leftImg8bit.json,5_b402_seg_000150_leftImg8bit.png,1,yiwu,2000,2500
5_b402_seg_000151_leftImg8bit.json,5_b402_seg_000151_leftImg8bit.png,2,yiwu,2000,2500
5_b402_seg_000152_leftImg8bit.json,5_b402_seg_000152_leftImg8bit.png,2,yiwu,2000,2500
5_b402_seg_000153_leftImg8bit.json,5_b402_seg_000153_leftImg8bit.png,4,maosi;yiwu,2000,2500
5_b402_seg_000154_leftImg8bit.json,5_b402_seg_000154_leftImg8bit.png,5,yiwu,2000,2500
5_b402_seg_000155_leftImg8bit.json,5_b402_seg_000155_leftImg8bit.png,5,maosi;yiwu,2000,2500
5_b402_seg_000156_leftImg8bit.json,5_b402_seg_000156_leftImg8bit.png,2,maosi,2000,2500
5_b402_seg_000157_leftImg8bit.json,5_b402_seg_000157_leftImg8bit.png,6,yiwu,2000,2500
5_b402_seg_000158_leftImg8bit.json,5_b402_seg_000158_leftImg8bit.png,1,yiwu,2000,2500
5_b402_seg_000159_leftImg8bit.json,5_b402_seg_000159_leftImg8bit.png,3,yiwu,2000,2500
5_b402_seg_000160_leftImg8bit.json,5_b402_seg_000160_leftImg8bit.png,1,yiwu,2000,2500
5_b402_seg_000161_leftImg8bit.json,5_b402_seg_000161_leftImg8bit.png,2,maosi;yiwu,2000,2500
5_b402_seg_000162_leftImg8bit.json,5_b402_seg_000162_leftImg8bit.png,5,maosi;yiwu,2000,2500
5_b402_seg_000163_leftImg8bit.json,5_b402_seg_000163_leftImg8bit.png,1,yiwu,2000,2500
5_b402_seg_000164_leftImg8bit.json,5_b402_seg_000164_leftImg8bit.png,2,yiwu,2000,2500
5_b402_seg_000165_leftImg8bit.json,5_b402_seg_000165_leftImg8bit.png,1,yiwu,2000,2500
5_b402_seg_000166_leftImg8bit.json,5_b402_seg_000166_leftImg8bit.png,4,yiwu,2000,2500
5_b402_seg_000167_leftImg8bit.json,5_b402_seg_000167_leftImg8bit.png,2,maosi,2000,2500
5_b402_seg_000168_leftImg8bit.json,5_b402_seg_000168_leftImg8bit.png,1,yiwu,2000,2500
5_b402_seg_000169_leftImg8bit.json,5_b402_seg_000169_leftImg8bit.png,2,maosi;yiwu,2000,2500
5_b402_seg_000170_leftImg8bit.json,5_b402_seg_000170_leftImg8bit.png,2,yiwu,2000,2500
5_b402_seg_000171_leftImg8bit.json,5_b402_seg_000171_leftImg8bit.png,1,yiwu,2000,2500
5_b402_seg_000172_leftImg8bit.json,5_b402_seg_000172_leftImg8bit.png,2,yiwu,2000,2500
5_b402_seg_000173_leftImg8bit.json,5_b402_seg_000173_leftImg8bit.png,2,yiwu,2000,2500
5_b402_seg_000174_leftImg8bit.json,5_b402_seg_000174_leftImg8bit.png,1,yiwu,2000,2500
5_b402_seg_000175_leftImg8bit.json,5_b402_seg_000175_leftImg8bit.png,2,yiwu,2000,2500
5_b402_seg_000176_leftImg8bit.json,5_b402_seg_000176_leftImg8bit.png,2,yiwu,2000,2500
5_b402_seg_000177_leftImg8bit.json,5_b402_seg_000177_leftImg8bit.png,1,yiwu,2000,2500
5_b402_seg_000178_leftImg8bit.json,5_b402_seg_000178_leftImg8bit.png,1,maosi,2000,2500
5_b402_seg_000179_leftImg8bit.json,5_b402_seg_000179_leftImg8bit.png,1,yiwu,2000,2500
5_b402_seg_000180_leftImg8bit.json,5_b402_seg_000180_leftImg8bit.png,1,yiwu,2000,2500
5_b402_seg_000181_leftImg8bit.json,5_b402_seg_000181_leftImg8bit.png,2,yiwu,2000,2500
5_b402_seg_000182_leftImg8bit.json,5_b402_seg_000182_leftImg8bit.png,1,yiwu,2000,2500
5_b402_seg_000183_leftImg8bit.json,5_b402_seg_000183_leftImg8bit.png,1,yiwu,2000,2500
5_b402_seg_000184_leftImg8bit.json,5_b402_seg_000184_leftImg8bit.png,5,yiwu,2000,2500
5_b402_seg_000185_leftImg8bit.json,5_b402_seg_000185_leftImg8bit.png,2,yiwu,2000,2500
5_b402_seg_000186_leftImg8bit.json,5_b402_seg_000186_leftImg8bit.png,1,yiwu,2000,2500
5_b402_seg_000187_leftImg8bit.json,5_b402_seg_000187_leftImg8bit.png,1,yiwu,2000,2500
5_b402_seg_000188_leftImg8bit.json,5_b402_seg_000188_leftImg8bit.png,1,yiwu,2000,2500
5_b402_seg_000189_leftImg8bit.json,5_b402_seg_000189_leftImg8bit.png,3,maosi,2000,2500
5_b402_seg_000190_leftImg8bit.json,5_b402_seg_000190_leftImg8bit.png,2,yiwu,2000,2500
5_b402_seg_000191_leftImg8bit.json,5_b402_seg_000191_leftImg8bit.png,2,maosi;yiwu,2000,2500
5_b402_seg_000192_leftImg8bit.json,5_b402_seg_000192_leftImg8bit.png,1,yiwu,2000,2500
5_b402_seg_000193_leftImg8bit.json,5_b402_seg_000193_leftImg8bit.png,4,maosi;yiwu,2000,2500
5_b402_seg_000194_leftImg8bit.json,5_b402_seg_000194_leftImg8bit.png,1,yiwu,2000,2500
5_b402_seg_000195_leftImg8bit.json,5_b402_seg_000195_leftImg8bit.png,1,yiwu,2000,2500
5_b402_seg_000196_leftImg8bit.json,5_b402_seg_000196_leftImg8bit.png,1,yiwu,2000,2500
5_b402_seg_000197_leftImg8bit.json,5_b402_seg_000197_leftImg8bit.png,1,yiwu,2000,2500
5_b402_seg_000198_leftImg8bit.json,5_b402_seg_000198_leftImg8bit.png,1,yiwu,2000,2500
5_b402_seg_000199_leftImg8bit.json,5_b402_seg_000199_leftImg8bit.png,1,yiwu,2000,2500
5_b402_seg_000200_leftImg8bit.json,5_b402_seg_000200_leftImg8bit.png,2,maosi,2000,2500
5_b402_seg_000201_leftImg8bit.json,5_b402_seg_000201_leftImg8bit.png,1,yiwu,2000,2500
5_b402_seg_000202_leftImg8bit.json,5_b402_seg_000202_leftImg8bit.png,2,yiwu,2000,2500
5_b402_seg_000203_leftImg8bit.json,5_b402_seg_000203_leftImg8bit.png,2,yiwu,2000,2500
5_b402_seg_000204_leftImg8bit.json,5_b402_seg_000204_leftImg8bit.png,3,yiwu,2000,2500
5_b402_seg_000205_leftImg8bit.json,5_b402_seg_000205_leftImg8bit.png,2,yiwu,2000,2500
5_b402_seg_000206_leftImg8bit.json,5_b402_seg_000206_leftImg8bit.png,1,yiwu,2000,2500
5_b402_seg_000207_leftImg8bit.json,5_b402_seg_000207_leftImg8bit.png,1,yiwu,2000,2500
5_b402_seg_000208_leftImg8bit.json,5_b402_seg_000208_leftImg8bit.png,1,yiwu,2000,2500
5_b402_seg_000209_leftImg8bit.json,5_b402_seg_000209_leftImg8bit.png,1,yiwu,2000,2500
5_b402_seg_000210_leftImg8bit.json,5_b402_seg_000210_leftImg8bit.png,1,yiwu,2000,2500
5_b402_seg_000211_leftImg8bit.json,5_b402_seg_000211_leftImg8bit.png,4,maosi,2000,2500
5_b402_seg_000212_leftImg8bit.json,5_b402_seg_000212_leftImg8bit.png,2,yiwu,2000,2500
5_b402_seg_000213_leftImg8bit.json,5_b402_seg_000213_leftImg8bit.png,3,yiwu,2000,2500
5_b402_seg_000214_leftImg8bit.json,5_b402_seg_000214_leftImg8bit.png,1,yiwu,2000,2500
5_b402_seg_000215_leftImg8bit.json,5_b402_seg_000215_leftImg8bit.png,1,yiwu,2000,2500
5_b402_seg_000216_leftImg8bit.json,5_b402_seg_000216_leftImg8bit.png,1,yiwu,2000,2500
5_b402_seg_000217_leftImg8bit.json,5_b402_seg_000217_leftImg8bit.png,1,yiwu,2000,2500
5_b402_seg_000218_leftImg8bit.json,5_b402_seg_000218_leftImg8bit.png,1,yiwu,2000,2500
5_b402_seg_000219_leftImg8bit.json,5_b402_seg_000219_leftImg8bit.png,1,yiwu,2000,2500
5_b402_seg_000220_leftImg8bit.json,5_b402_seg_000220_leftImg8bit.png,1,yiwu,2000,2500
5_b402_seg_000221_leftImg8bit.json,5_b402_seg_000221_leftImg8bit.png,2,yiwu,2000,2500
5_b402_seg_000222_leftImg8bit.json,5_b402_seg_000222_leftImg8bit.png,4,maosi,2000,2500
5_b402_seg_000223_leftImg8bit.json,5_b402_seg_000223_leftImg8bit.png,2,maosi;yiwu,2000,2500
5_b402_seg_000224_leftImg8bit.json,5_b402_seg_000224_leftImg8bit.png,1,yiwu,2000,2500
5_b402_seg_000225_leftImg8bit.json,5_b402_seg_000225_leftImg8bit.png,2,yiwu,2000,2500
5_b402_seg_000226_leftImg8bit.json,5_b402_seg_000226_leftImg8bit.png,3,yiwu,2000,2500
5_b402_seg_000227_leftImg8bit.json,5_b402_seg_000227_leftImg8bit.png,1,yiwu,2000,2500
5_b402_seg_000228_leftImg8bit.json,5_b402_seg_000228_leftImg8bit.png,1,yiwu,2000,2500
5_b402_seg_000229_leftImg8bit.json,5_b402_seg_000229_leftImg8bit.png,1,yiwu,2000,2500
5_b402_seg_000230_leftImg8bit.json,5_b402_seg_000230_leftImg8bit.png,1,yiwu,2000,2500
5_b402_seg_000231_leftImg8bit.json,5_b402_seg_000231_leftImg8bit.png,1,yiwu,2000,2500
5_b402_seg_000232_leftImg8bit.json,5_b402_seg_000232_leftImg8bit.png,3,yiwu,2000,2500
5_b402_seg_000233_leftImg8bit.json,5_b402_seg_000233_leftImg8bit.png,1,yiwu,2000,2500
5_b402_seg_000234_leftImg8bit.json,5_b402_seg_000234_leftImg8bit.png,4,maosi,2000,2500
5_b402_seg_000235_leftImg8bit.json,5_b402_seg_000235_leftImg8bit.png,1,yiwu,2000,2500
5_b402_seg_000236_leftImg8bit.json,5_b402_seg_000236_leftImg8bit.png,1,yiwu,2000,2500
5_b402_seg_000237_leftImg8bit.json,5_b402_seg_000237_leftImg8bit.png,1,yiwu,2000,2500
5_b402_seg_000238_leftImg8bit.json,5_b402_seg_000238_leftImg8bit.png,1,yiwu,2000,2500
5_b402_seg_000239_leftImg8bit.json,5_b402_seg_000239_leftImg8bit.png,3,yiwu,2000,2500
5_b402_seg_000240_leftImg8bit.json,5_b402_seg_000240_leftImg8bit.png,1,yiwu,2000,2500
5_b402_seg_000241_leftImg8bit.json,5_b402_seg_000241_leftImg8bit.png,1,yiwu,2000,2500
5_b402_seg_000242_leftImg8bit.json,5_b402_seg_000242_leftImg8bit.png,1,yiwu,2000,2500
5_b402_seg_000243_leftImg8bit.json,5_b402_seg_000243_leftImg8bit.png,1,yiwu,2000,2500
5_b402_seg_000244_leftImg8bit.json,5_b402_seg_000244_leftImg8bit.png,1,yiwu,2000,2500
5_b402_seg_000245_leftImg8bit.json,5_b402_seg_000245_leftImg8bit.png,2,maosi,2000,2500
5_b402_seg_000246_leftImg8bit.json,5_b402_seg_000246_leftImg8bit.png,1,yiwu,2000,2500
5_b402_seg_000247_leftImg8bit.json,5_b402_seg_000247_leftImg8bit.png,1,yiwu,2000,2500
5_b402_seg_000248_leftImg8bit.json,5_b402_seg_000248_leftImg8bit.png,1,yiwu,2000,2500
5_b402_seg_000249_leftImg8bit.json,5_b402_seg_000249_leftImg8bit.png,3,yiwu,2000,2500
5_b402_seg_000250_leftImg8bit.json,5_b402_seg_000250_leftImg8bit.png,2,yiwu,2000,2500
5_b402_seg_000251_leftImg8bit.json,5_b402_seg_000251_leftImg8bit.png,3,yiwu,2000,2500
5_b402_seg_000252_leftImg8bit.json,5_b402_seg_000252_leftImg8bit.png,2,yiwu,2000,2500
5_b402_seg_000253_leftImg8bit.json,5_b402_seg_000253_leftImg8bit.png,3,yiwu,2000,2500
5_b402_seg_000254_leftImg8bit.json,5_b402_seg_000254_leftImg8bit.png,5,yiwu,2000,2500
5_b402_seg_000255_leftImg8bit.json,5_b402_seg_000255_leftImg8bit.png,3,yiwu,2000,2500
5_b402_seg_000256_leftImg8bit.json,5_b402_seg_000256_leftImg8bit.png,1,maosi,2000,2500
5_b402_seg_000257_leftImg8bit.json,5_b402_seg_000257_leftImg8bit.png,1,yiwu,2000,2500
5_b402_seg_000258_leftImg8bit.json,5_b402_seg_000258_leftImg8bit.png,5,yiwu,2000,2500
5_b402_seg_000259_leftImg8bit.json,5_b402_seg_000259_leftImg8bit.png,4,yiwu,2000,2500
5_b402_seg_000260_leftImg8bit.json,5_b402_seg_000260_leftImg8bit.png,1,yiwu,2000,2500
5_b402_seg_000261_leftImg8bit.json,5_b402_seg_000261_leftImg8bit.png,4,yiwu,2000,2500
5_b402_seg_000262_leftImg8bit.json,5_b402_seg_000262_leftImg8bit.png,1,yiwu,2000,2500
5_b402_seg_000263_leftImg8bit.json,5_b402_seg_000263_leftImg8bit.png,6,yiwu,2000,2500
5_b402_seg_000264_leftImg8bit.json,5_b402_seg_000264_leftImg8bit.png,11,yiwu,2000,2500
5_b402_seg_000265_leftImg8bit.json,5_b402_seg_000265_leftImg8bit.png,1,yiwu,2000,2500
5_b402_seg_000266_leftImg8bit.json,5_b402_seg_000266_leftImg8bit.png,4,yiwu,2000,2500
5_b402_seg_000267_leftImg8bit.json,5_b402_seg_000267_leftImg8bit.png,1,maosi,2000,2500
5_b402_seg_000268_leftImg8bit.json,5_b402_seg_000268_leftImg8bit.png,3,yiwu,2000,2500
5_b402_seg_000269_leftImg8bit.json,5_b402_seg_000269_leftImg8bit.png,7,yiwu,2000,2500
5_b402_seg_000270_leftImg8bit.json,5_b402_seg_000270_leftImg8bit.png,10,yiwu,2000,2500
5_b402_seg_000271_leftImg8bit.json,5_b402_seg_000271_leftImg8bit.png,2,yiwu,2000,2500
5_b402_seg_000272_leftImg8bit.json,5_b402_seg_000272_leftImg8bit.png,19,yiwu,2000,2500
5_b402_seg_000273_leftImg8bit.json,5_b402_seg_000273_leftImg8bit.png,1,yiwu,2000,2500
5_b402_seg_000274_leftImg8bit.json,5_b402_seg_000274_leftImg8bit.png,6,yiwu,2000,2500
5_b402_seg_000275_leftImg8bit.json,5_b402_seg_000275_leftImg8bit.png,2,yiwu,2000,2500
5_b402_seg_000276_leftImg8bit.json,5_b402_seg_000276_leftImg8bit.png,1,yiwu,2000,2500
5_b402_seg_000277_leftImg8bit.json,5_b402_seg_000277_leftImg8bit.png,9,yiwu,2000,2500
5_b402_seg_000278_leftImg8bit.json,5_b402_seg_000278_leftImg8bit.png,1,maosi,2000,2500
5_b402_seg_000279_leftImg8bit.json,5_b402_seg_000279_leftImg8bit.png,12,yiwu,2000,2500
5_b402_seg_000280_leftImg8bit.json,5_b402_seg_000280_leftImg8bit.png,1,yiwu,2000,2500
5_b402_seg_000281_leftImg8bit.json,5_b402_seg_000281_leftImg8bit.png,3,yiwu,2000,2500
5_b402_seg_000282_leftImg8bit.json,5_b402_seg_000282_leftImg8bit.png,10,yiwu,2000,2500
5_b402_seg_000283_leftImg8bit.json,5_b402_seg_000283_leftImg8bit.png,8,yiwu,2000,2500
5_b402_seg_000284_leftImg8bit.json,5_b402_seg_000284_leftImg8bit.png,2,yiwu,2000,2500
5_b402_seg_000285_leftImg8bit.json,5_b402_seg_000285_leftImg8bit.png,7,yiwu,2000,2500
5_b402_seg_000286_leftImg8bit.json,5_b402_seg_000286_leftImg8bit.png,2,yiwu,2000,2500
5_b402_seg_000287_leftImg8bit.json,5_b402_seg_000287_leftImg8bit.png,4,yiwu,2000,2500
5_b402_seg_000288_leftImg8bit.json,5_b402_seg_000288_leftImg8bit.png,4,yiwu,2000,2500
5_b402_seg_000289_leftImg8bit.json,5_b402_seg_000289_leftImg8bit.png,1,maosi,2000,2500
5_b402_seg_000290_leftImg8bit.json,5_b402_seg_000290_leftImg8bit.png,3,yiwu,2000,2500
5_b402_seg_000291_leftImg8bit.json,5_b402_seg_000291_leftImg8bit.png,2,yiwu,2000,2500
5_b402_seg_000292_leftImg8bit.json,5_b402_seg_000292_leftImg8bit.png,7,yiwu,2000,2500
5_b402_seg_000293_leftImg8bit.json,5_b402_seg_000293_leftImg8bit.png,3,yiwu,2000,2500
5_b402_seg_000294_leftImg8bit.json,5_b402_seg_000294_leftImg8bit.png,12,yiwu,2000,2500
5_b402_seg_000295_leftImg8bit.json,5_b402_seg_000295_leftImg8bit.png,1,yiwu,2000,2500
5_b402_seg_000296_leftImg8bit.json,5_b402_seg_000296_leftImg8bit.png,4,yiwu,2000,2500
5_b402_seg_000297_leftImg8bit.json,5_b402_seg_000297_leftImg8bit.png,6,yiwu,2000,2500
5_b402_seg_000298_leftImg8bit.json,5_b402_seg_000298_leftImg8bit.png,2,yiwu,2000,2500
5_b402_seg_000299_leftImg8bit.json,5_b402_seg_000299_leftImg8bit.png,4,yiwu,2000,2500
5_b402_seg_000300_leftImg8bit.json,5_b402_seg_000300_leftImg8bit.png,1,maosi,2000,2500
5_b402_seg_000301_leftImg8bit.json,5_b402_seg_000301_leftImg8bit.png,2,yiwu,2000,2500
5_b402_seg_000302_leftImg8bit.json,5_b402_seg_000302_leftImg8bit.png,2,yiwu,2000,2500
5_b402_seg_000303_leftImg8bit.json,5_b402_seg_000303_leftImg8bit.png,2,yiwu,2000,2500
5_b402_seg_000304_leftImg8bit.json,5_b402_seg_000304_leftImg8bit.png,7,yiwu,2000,2500
5_b402_seg_000305_leftImg8bit.json,5_b402_seg_000305_leftImg8bit.png,1,yiwu,2000,2500
5_b402_seg_000306_leftImg8bit.json,5_b402_seg_000306_leftImg8bit.png,3,yiwu,2000,2500
5_b402_seg_000307_leftImg8bit.json,5_b402_seg_000307_leftImg8bit.png,3,yiwu,2000,2500
5_b402_seg_000308_leftImg8bit.json,5_b402_seg_000308_leftImg8bit.png,2,yiwu,2000,2500
5_b402_seg_000309_leftImg8bit.json,5_b402_seg_000309_leftImg8bit.png,2,yiwu,2000,2500
5_b402_seg_000310_leftImg8bit.json,5_b402_seg_000310_leftImg8bit.png,3,yiwu,2000,2500
5_b402_seg_000311_leftImg8bit.json,5_b402_seg_000311_leftImg8bit.png,1,maosi,2000,2500
5_b402_seg_000312_leftImg8bit.json,5_b402_seg_000312_leftImg8bit.png,2,yiwu,2000,2500
5_b402_seg_000313_leftImg8bit.json,5_b402_seg_000313_leftImg8bit.png,3,yiwu,2000,2500
5_b402_seg_000314_leftImg8bit.json,5_b402_seg_000314_leftImg8bit.png,5,yiwu,2000,2500
5_b402_seg_000315_leftImg8bit.json,5_b402_seg_000315_leftImg8bit.png,3,yiwu,2000,2500
5_b402_seg_000316_leftImg8bit.json,5_b402_seg_000316_leftImg8bit.png,1,yiwu,2000,2500
5_b402_seg_000317_leftImg8bit.json,5_b402_seg_000317_leftImg8bit.png,5,yiwu,2000,2500
5_b402_seg_000318_leftImg8bit.json,5_b402_seg_000318_leftImg8bit.png,4,yiwu,2000,2500
5_b402_seg_000319_leftImg8bit.json,5_b402_seg_000319_leftImg8bit.png,1,yiwu,2000,2500
5_b402_seg_000320_leftImg8bit.json,5_b402_seg_000320_leftImg8bit.png,4,yiwu,2000,2500
5_b402_seg_000321_leftImg8bit.json,5_b402_seg_000321_leftImg8bit.png,1,yiwu,2000,2500
5_b402_seg_000322_leftImg8bit.json,5_b402_seg_000322_leftImg8bit.png,1,maosi,2000,2500
5_b402_seg_000323_leftImg8bit.json,5_b402_seg_000323_leftImg8bit.png,6,yiwu,2000,2500
5_b402_seg_000324_leftImg8bit.json,5_b402_seg_000324_leftImg8bit.png,11,yiwu,2000,2500
5_b402_seg_000325_leftImg8bit.json,5_b402_seg_000325_leftImg8bit.png,1,yiwu,2000,2500
5_b402_seg_000326_leftImg8bit.json,5_b402_seg_000326_leftImg8bit.png,4,yiwu,2000,2500
5_b402_seg_000327_leftImg8bit.json,5_b402_seg_000327_leftImg8bit.png,3,yiwu,2000,2500
5_b402_seg_000328_leftImg8bit.json,5_b402_seg_000328_leftImg8bit.png,7,yiwu,2000,2500
5_b402_seg_000329_leftImg8bit.json,5_b402_seg_000329_leftImg8bit.png,10,yiwu,2000,2500
5_b402_seg_000330_leftImg8bit.json,5_b402_seg_000330_leftImg8bit.png,2,yiwu,2000,2500
5_b402_seg_000331_leftImg8bit.json,5_b402_seg_000331_leftImg8bit.png,19,yiwu,2000,2500
5_b402_seg_000332_leftImg8bit.json,5_b402_seg_000332_leftImg8bit.png,1,yiwu,2000,2500
5_b402_seg_000333_leftImg8bit.json,5_b402_seg_000333_leftImg8bit.png,26,yiwu,2000,2500
5_b402_seg_000334_leftImg8bit.json,5_b402_seg_000334_leftImg8bit.png,3,maosi;yiwu,2000,2500
5_b402_seg_000335_leftImg8bit.json,5_b402_seg_000335_leftImg8bit.png,6,yiwu,2000,2500
5_b402_seg_000336_leftImg8bit.json,5_b402_seg_000336_leftImg8bit.png,2,yiwu,2000,2500
5_b402_seg_000337_leftImg8bit.json,5_b402_seg_000337_leftImg8bit.png,1,yiwu,2000,2500
5_b402_seg_000338_leftImg8bit.json,5_b402_seg_000338_leftImg8bit.png,9,yiwu,2000,2500
5_b402_seg_000339_leftImg8bit.json,5_b402_seg_000339_leftImg8bit.png,12,yiwu,2000,2500
5_b402_seg_000340_leftImg8bit.json,5_b402_seg_000340_leftImg8bit.png,1,yiwu,2000,2500
5_b402_seg_000341_leftImg8bit.json,5_b402_seg_000341_leftImg8bit.png,3,yiwu,2000,2500
5_b402_seg_000342_leftImg8bit.json,5_b402_seg_000342_leftImg8bit.png,10,yiwu,2000,2500
5_b402_seg_000343_leftImg8bit.json,5_b402_seg_000343_leftImg8bit.png,8,yiwu,2000,2500
5_b402_seg_000344_leftImg8bit.json,5_b402_seg_000344_leftImg8bit.png,2,yiwu,2000,2500
5_b402_seg_000345_leftImg8bit.json,5_b402_seg_000345_leftImg8bit.png,35,yiwu,2000,2500
5_b402_seg_000346_leftImg8bit.json,5_b402_seg_000346_leftImg8bit.png,7,yiwu,2000,2500
5_b402_seg_000347_leftImg8bit.json,5_b402_seg_000347_leftImg8bit.png,2,yiwu,2000,2500
5_b402_seg_000348_leftImg8bit.json,5_b402_seg_000348_leftImg8bit.png,4,yiwu,2000,2500
5_b402_seg_000349_leftImg8bit.json,5_b402_seg_000349_leftImg8bit.png,4,yiwu,2000,2500
5_b402_seg_000350_leftImg8bit.json,5_b402_seg_000350_leftImg8bit.png,3,yiwu,2000,2500
5_b402_seg_000351_leftImg8bit.json,5_b402_seg_000351_leftImg8bit.png,2,yiwu,2000,2500
5_b402_seg_000352_leftImg8bit.json,5_b402_seg_000352_leftImg8bit.png,7,yiwu,2000,2500
5_b402_seg_000353_leftImg8bit.json,5_b402_seg_000353_leftImg8bit.png,3,yiwu,2000,2500
5_b402_seg_000354_leftImg8bit.json,5_b402_seg_000354_leftImg8bit.png,12,yiwu,2000,2500
5_b402_seg_000355_leftImg8bit.json,5_b402_seg_000355_leftImg8bit.png,1,yiwu,2000,2500
5_b402_seg_000356_leftImg8bit.json,5_b402_seg_000356_leftImg8bit.png,24,yiwu,2000,2500
5_b402_seg_000357_leftImg8bit.json,5_b402_seg_000357_leftImg8bit.png,4,yiwu,2000,2500
5_b402_seg_000358_leftImg8bit.json,5_b402_seg_000358_leftImg8bit.png,6,yiwu,2000,2500
5_b402_seg_000359_leftImg8bit.json,5_b402_seg_000359_leftImg8bit.png,2,yiwu,2000,2500
5_b402_seg_000360_leftImg8bit.json,5_b402_seg_000360_leftImg8bit.png,4,yiwu,2000,2500
5_b402_seg_000361_leftImg8bit.json,5_b402_seg_000361_leftImg8bit.png,2,yiwu,2000,2500
5_b402_seg_000362_leftImg8bit.json,5_b402_seg_000362_leftImg8bit.png,2,yiwu,2000,2500
5_b402_seg_000363_leftImg8bit.json,5_b402_seg_000363_leftImg8bit.png,2,yiwu,2000,2500
5_b402_seg_000364_leftImg8bit.json,5_b402_seg_000364_leftImg8bit.png,7,yiwu,2000,2500
5_b402_seg_000365_leftImg8bit.json,5_b402_seg_000365_leftImg8bit.png,1,yiwu,2000,2500
5_b402_seg_000366_leftImg8bit.json,5_b402_seg_000366_leftImg8bit.png,3,yiwu,2000,2500
5_b402_seg_000367_leftImg8bit.json,5_b402_seg_000367_leftImg8bit.png,28,yiwu,2000,2500
5_b402_seg_000368_leftImg8bit.json,5_b402_seg_000368_leftImg8bit.png,3,yiwu,2000,2500
5_b402_seg_000369_leftImg8bit.json,5_b402_seg_000369_leftImg8bit.png,2,yiwu,2000,2500
5_b402_seg_000370_leftImg8bit.json,5_b402_seg_000370_leftImg8bit.png,2,yiwu,2000,2500
5_b402_seg_000371_leftImg8bit.json,5_b402_seg_000371_leftImg8bit.png,3,yiwu,2000,2500
5_b402_seg_000372_leftImg8bit.json,5_b402_seg_000372_leftImg8bit.png,2,yiwu,2000,2500
5_b402_seg_000373_leftImg8bit.json,5_b402_seg_000373_leftImg8bit.png,3,yiwu,2000,2500
5_b402_seg_000374_leftImg8bit.json,5_b402_seg_000374_leftImg8bit.png,5,yiwu,2000,2500
5_b402_seg_000375_leftImg8bit.json,5_b402_seg_000375_leftImg8bit.png,3,yiwu,2000,2500
5_b402_seg_000376_leftImg8bit.json,5_b402_seg_000376_leftImg8bit.png,1,yiwu,2000,2500
5_b402_seg_000377_leftImg8bit.json,5_b402_seg_000377_leftImg8bit.png,5,yiwu,2000,2500
5_b402_seg_000378_leftImg8bit.json,5_b402_seg_000378_leftImg8bit.png,14,yiwu,2000,2500
5_b402_seg_000379_leftImg8bit.json,5_b402_seg_000379_leftImg8bit.png,4,yiwu,2000,2500
5_b402_seg_000380_leftImg8bit.json,5_b402_seg_000380_leftImg8bit.png,1,yiwu,2000,2500
5_b402_seg_000381_leftImg8bit.json,5_b402_seg_000381_leftImg8bit.png,4,yiwu,2000,2500
5_b402_seg_000382_leftImg8bit.json,5_b402_seg_000382_leftImg8bit.png,1,yiwu,2000,2500
5_b402_seg_000383_leftImg8bit.json,5_b402_seg_000383_leftImg8bit.png,6,yiwu,2000,2500
5_b402_seg_000384_leftImg8bit.json,5_b402_seg_000384_leftImg8bit.png,11,yiwu,2000,2500
5_b402_seg_000385_leftImg8bit.json,5_b402_seg_000385_leftImg8bit.png,1,yiwu,2000,2500
5_b402_seg_000386_leftImg8bit.json,5_b402_seg_000386_leftImg8bit.png,4,yiwu,2000,2500
5_b402_seg_000387_leftImg8bit.json,5_b402_seg_000387_leftImg8bit.png,3,yiwu,2000,2500
5_b402_seg_000388_leftImg8bit.json,5_b402_seg_000388_leftImg8bit.png,7,yiwu,2000,2500
5_b402_seg_000389_leftImg8bit.json,5_b402_seg_000389_leftImg8bit.png,16,yiwu,2000,2500
5_b402_seg_000390_leftImg8bit.json,5_b402_seg_000390_leftImg8bit.png,10,yiwu,2000,2500
5_b402_seg_000391_leftImg8bit.json,5_b402_seg_000391_leftImg8bit.png,2,yiwu,2000,2500
5_b402_seg_000392_leftImg8bit.json,5_b402_seg_000392_leftImg8bit.png,19,yiwu,2000,2500
5_b402_seg_000393_leftImg8bit.json,5_b402_seg_000393_leftImg8bit.png,1,yiwu,2000,2500
5_b402_seg_000394_leftImg8bit.json,5_b402_seg_000394_leftImg8bit.png,6,yiwu,2000,2500
5_b402_seg_000395_leftImg8bit.json,5_b402_seg_000395_leftImg8bit.png,2,yiwu,2000,2500
5_b402_seg_000396_leftImg8bit.json,5_b402_seg_000396_leftImg8bit.png,1,yiwu,2000,2500
5_b402_seg_000397_leftImg8bit.json,5_b402_seg_000397_leftImg8bit.png,9,yiwu,2000,2500
5_b402_seg_000398_leftImg8bit.json,5_b402_seg_000398_leftImg8bit.png,12,yiwu,2000,2500
5_b402_seg_000399_leftImg8bit.json,5_b402_seg_000399_leftImg8bit.png,1,yiwu,2000,2500
5_b402_seg_000400_leftImg8bit.json,5_b402_seg_000400_leftImg8bit.png,1,yiwu,2000,2500
5_b402_seg_000401_leftImg8bit.json,5_b402_seg_000401_leftImg8bit.png,3,yiwu,2000,2500
5_b402_seg_000402_leftImg8bit.json,5_b402_seg_000402_leftImg8bit.png,10,yiwu,2000,2500
5_b402_seg_000403_leftImg8bit.json,5_b402_seg_000403_leftImg8bit.png,8,yiwu,2000,2500
5_b402_seg_000404_leftImg8bit.json,5_b402_seg_000404_leftImg8bit.png,2,yiwu,2000,2500
5_b402_seg_000405_leftImg8bit.json,5_b402_seg_000405_leftImg8bit.png,7,yiwu,2000,2500
5_b402_seg_000406_leftImg8bit.json,5_b402_seg_000406_leftImg8bit.png,2,yiwu,2000,2500
5_b402_seg_000407_leftImg8bit.json,5_b402_seg_000407_leftImg8bit.png,4,yiwu,2000,2500
5_b402_seg_000408_leftImg8bit.json,5_b402_seg_000408_leftImg8bit.png,4,yiwu,2000,2500
5_b402_seg_000409_leftImg8bit.json,5_b402_seg_000409_leftImg8bit.png,3,yiwu,2000,2500
5_b402_seg_000410_leftImg8bit.json,5_b402_seg_000410_leftImg8bit.png,2,yiwu,2000,2500
5_b402_seg_000411_leftImg8bit.json,5_b402_seg_000411_leftImg8bit.png,3,yiwu,2000,2500
5_b402_seg_000412_leftImg8bit.json,5_b402_seg_000412_leftImg8bit.png,7,yiwu,2000,2500
5_b402_seg_000413_leftImg8bit.json,5_b402_seg_000413_leftImg8bit.png,3,yiwu,2000,2500
5_b402_seg_000414_leftImg8bit.json,5_b402_seg_000414_leftImg8bit.png,12,yiwu,2000,2500
5_b402_seg_000415_leftImg8bit.json,5_b402_seg_000415_leftImg8bit.png,1,yiwu,2000,2500
5_b402_seg_000416_leftImg8bit.json,5_b402_seg_000416_leftImg8bit.png,4,yiwu,2000,2500
5_b402_seg_000417_leftImg8bit.json,5_b402_seg_000417_leftImg8bit.png,6,yiwu,2000,2500
5_b402_seg_000418_leftImg8bit.json,5_b402_seg_000418_leftImg8bit.png,2,yiwu,2000,2500
5_b402_seg_000419_leftImg8bit.json,5_b402_seg_000419_leftImg8bit.png,4,yiwu,2000,2500
5_b402_seg_000420_leftImg8bit.json,5_b402_seg_000420_leftImg8bit.png,2,yiwu,2000,2500
5_b402_seg_000421_leftImg8bit.json,5_b402_seg_000421_leftImg8bit.png,2,yiwu,2000,2500
5_b402_seg_000422_leftImg8bit.json,5_b402_seg_000422_leftImg8bit.png,1,yiwu,2000,2500
5_b402_seg_000423_leftImg8bit.json,5_b402_seg_000423_leftImg8bit.png,2,yiwu,2000,2500
5_b402_seg_000424_leftImg8bit.json,5_b402_seg_000424_leftImg8bit.png,7,yiwu,2000,2500
5_b402_seg_000425_leftImg8bit.json,5_b402_seg_000425_leftImg8bit.png,1,yiwu,2000,2500
5_b402_seg_000426_leftImg8bit.json,5_b402_seg_000426_leftImg8bit.png,3,yiwu,2000,2500
5_b402_seg_000427_leftImg8bit.json,5_b402_seg_000427_leftImg8bit.png,3,yiwu,2000,2500
5_b402_seg_000428_leftImg8bit.json,5_b402_seg_000428_leftImg8bit.png,2,yiwu,2000,2500
5_b402_seg_000429_leftImg8bit.json,5_b402_seg_000429_leftImg8bit.png,2,yiwu,2000,2500
5_b402_seg_000430_leftImg8bit.json,5_b402_seg_000430_leftImg8bit.png,3,yiwu,2000,2500
5_b402_seg_000431_leftImg8bit.json,5_b402_seg_000431_leftImg8bit.png,2,yiwu,2000,2500
5_b402_seg_000432_leftImg8bit.json,5_b402_seg_000432_leftImg8bit.png,3,yiwu,2000,2500
5_b402_seg_000433_leftImg8bit.json,5_b402_seg_000433_leftImg8bit.png,4,yiwu,2000,2500
5_b402_seg_000434_leftImg8bit.json,5_b402_seg_000434_leftImg8bit.png,5,yiwu,2000,2500
5_b402_seg_000435_leftImg8bit.json,5_b402_seg_000435_leftImg8bit.png,3,yiwu,2000,2500
5_b402_seg_000436_leftImg8bit.json,5_b402_seg_000436_leftImg8bit.png,1,yiwu,2000,2500
5_b402_seg_000437_leftImg8bit.json,5_b402_seg_000437_leftImg8bit.png,5,yiwu,2000,2500
5_b402_seg_000438_leftImg8bit.json,5_b402_seg_000438_leftImg8bit.png,4,yiwu,2000,2500
5_b402_seg_000439_leftImg8bit.json,5_b402_seg_000439_leftImg8bit.png,1,yiwu,2000,2500
5_b402_seg_000440_leftImg8bit.json,5_b402_seg_000440_leftImg8bit.png,4,yiwu,2000,2500
5_b402_seg_000441_leftImg8bit.json,5_b402_seg_000441_leftImg8bit.png,1,yiwu,2000,2500
5_b402_seg_000442_leftImg8bit.json,5_b402_seg_000442_leftImg8bit.png,6,yiwu,2000,2500
5_b402_seg_000443_leftImg8bit.json,5_b402_seg_000443_leftImg8bit.png,11,yiwu,2000,2500
5_b402_seg_000444_leftImg8bit.json,5_b402_seg_000444_leftImg8bit.png,1,yiwu,2000,2500
5_b402_seg_000445_leftImg8bit.json,5_b402_seg_000445_leftImg8bit.png,6,maosi;yiwu,2000,2500
5_b402_seg_000446_leftImg8bit.json,5_b402_seg_000446_leftImg8bit.png,1,yiwu,2000,2500
5_b402_seg_000447_leftImg8bit.json,5_b402_seg_000447_leftImg8bit.png,4,yiwu,2000,2500
5_b402_seg_000448_leftImg8bit.json,5_b402_seg_000448_leftImg8bit.png,3,yiwu,2000,2500
5_b402_seg_000449_leftImg8bit.json,5_b402_seg_000449_leftImg8bit.png,7,yiwu,2000,2500
5_b402_seg_000450_leftImg8bit.json,5_b402_seg_000450_leftImg8bit.png,10,yiwu,2000,2500
5_b402_seg_000451_leftImg8bit.json,5_b402_seg_000451_leftImg8bit.png,2,yiwu,2000,2500
5_b402_seg_000452_leftImg8bit.json,5_b402_seg_000452_leftImg8bit.png,19,yiwu,2000,2500
5_b402_seg_000453_leftImg8bit.json,5_b402_seg_000453_leftImg8bit.png,1,yiwu,2000,2500
5_b402_seg_000454_leftImg8bit.json,5_b402_seg_000454_leftImg8bit.png,6,yiwu,2000,2500
5_b402_seg_000455_leftImg8bit.json,5_b402_seg_000455_leftImg8bit.png,2,yiwu,2000,2500
5_b402_seg_000456_leftImg8bit.json,5_b402_seg_000456_leftImg8bit.png,1,yiwu,2000,2500
5_b402_seg_000457_leftImg8bit.json,5_b402_seg_000457_leftImg8bit.png,1,yiwu,2000,2500
5_b402_seg_000458_leftImg8bit.json,5_b402_seg_000458_leftImg8bit.png,9,yiwu,2000,2500
5_b402_seg_000459_leftImg8bit.json,5_b402_seg_000459_leftImg8bit.png,12,yiwu,2000,2500
5_b402_seg_000460_leftImg8bit.json,5_b402_seg_000460_leftImg8bit.png,1,yiwu,2000,2500
5_b402_seg_000461_leftImg8bit.json,5_b402_seg_000461_leftImg8bit.png,3,yiwu,2000,2500
5_b402_seg_000462_leftImg8bit.json,5_b402_seg_000462_leftImg8bit.png,10,yiwu,2000,2500
5_b402_seg_000463_leftImg8bit.json,5_b402_seg_000463_leftImg8bit.png,8,yiwu,2000,2500
5_b402_seg_000464_leftImg8bit.json,5_b402_seg_000464_leftImg8bit.png,2,yiwu,2000,2500
5_b402_seg_000465_leftImg8bit.json,5_b402_seg_000465_leftImg8bit.png,7,yiwu,2000,2500
5_b402_seg_000466_leftImg8bit.json,5_b402_seg_000466_leftImg8bit.png,2,yiwu,2000,2500
5_b402_seg_000467_leftImg8bit.json,5_b402_seg_000467_leftImg8bit.png,1,yiwu,2000,2500
5_b402_seg_000468_leftImg8bit.json,5_b402_seg_000468_leftImg8bit.png,4,yiwu,2000,2500
5_b402_seg_000469_leftImg8bit.json,5_b402_seg_000469_leftImg8bit.png,4,yiwu,2000,2500
5_b402_seg_000470_leftImg8bit.json,5_b402_seg_000470_leftImg8bit.png,3,yiwu,2000,2500
5_b402_seg_000471_leftImg8bit.json,5_b402_seg_000471_leftImg8bit.png,2,yiwu,2000,2500
5_b402_seg_000472_leftImg8bit.json,5_b402_seg_000472_leftImg8bit.png,7,yiwu,2000,2500
5_b402_seg_000473_leftImg8bit.json,5_b402_seg_000473_leftImg8bit.png,3,yiwu,2000,2500
5_b402_seg_000474_leftImg8bit.json,5_b402_seg_000474_leftImg8bit.png,12,yiwu,2000,2500
5_b402_seg_000475_leftImg8bit.json,5_b402_seg_000475_leftImg8bit.png,1,yiwu,2000,2500
5_b402_seg_000476_leftImg8bit.json,5_b402_seg_000476_leftImg8bit.png,4,yiwu,2000,2500
5_b402_seg_000477_leftImg8bit.json,5_b402_seg_000477_leftImg8bit.png,6,yiwu,2000,2500
5_b402_seg_000478_leftImg8bit.json,5_b402_seg_000478_leftImg8bit.png,1,yiwu,2000,2500
5_b402_seg_000479_leftImg8bit.json,5_b402_seg_000479_leftImg8bit.png,2,yiwu,2000,2500
5_b402_seg_000480_leftImg8bit.json,5_b402_seg_000480_leftImg8bit.png,4,yiwu,2000,2500
5_b402_seg_000481_leftImg8bit.json,5_b402_seg_000481_leftImg8bit.png,2,yiwu,2000,2500
5_b402_seg_000482_leftImg8bit.json,5_b402_seg_000482_leftImg8bit.png,2,yiwu,2000,2500
5_b402_seg_000483_leftImg8bit.json,5_b402_seg_000483_leftImg8bit.png,2,yiwu,2000,2500
5_b402_seg_000484_leftImg8bit.json,5_b402_seg_000484_leftImg8bit.png,7,yiwu,2000,2500
5_b402_seg_000485_leftImg8bit.json,5_b402_seg_000485_leftImg8bit.png,1,yiwu,2000,2500
5_b402_seg_000486_leftImg8bit.json,5_b402_seg_000486_leftImg8bit.png,3,yiwu,2000,2500
5_b402_seg_000487_leftImg8bit.json,5_b402_seg_000487_leftImg8bit.png,3,yiwu,2000,2500
5_b402_seg_000488_leftImg8bit.json,5_b402_seg_000488_leftImg8bit.png,2,yiwu,2000,2500
5_b402_seg_000489_leftImg8bit.json,5_b402_seg_000489_leftImg8bit.png,1,yiwu,2000,2500
5_b402_seg_000490_leftImg8bit.json,5_b402_seg_000490_leftImg8bit.png,2,yiwu,2000,2500
5_b402_seg_000491_leftImg8bit.json,5_b402_seg_000491_leftImg8bit.png,3,yiwu,2000,2500
5_b402_seg_000492_leftImg8bit.json,5_b402_seg_000492_leftImg8bit.png,2,yiwu,2000,2500
5_b402_seg_000493_leftImg8bit.json,5_b402_seg_000493_leftImg8bit.png,3,yiwu,2000,2500
5_b402_seg_000494_leftImg8bit.json,5_b402_seg_000494_leftImg8bit.png,5,yiwu,2000,2500
5_b402_seg_000495_leftImg8bit.json,5_b402_seg_000495_leftImg8bit.png,3,yiwu,2000,2500
5_b402_seg_000496_leftImg8bit.json,5_b402_seg_000496_leftImg8bit.png,1,yiwu,2000,2500
5_b402_seg_000497_leftImg8bit.json,5_b402_seg_000497_leftImg8bit.png,5,yiwu,2000,2500
5_b402_seg_000498_leftImg8bit.json,5_b402_seg_000498_leftImg8bit.png,4,yiwu,2000,2500
5_b402_seg_000499_leftImg8bit.json,5_b402_seg_000499_leftImg8bit.png,1,yiwu,2000,2500
5_b402_seg_000500_leftImg8bit.json,5_b402_seg_000500_leftImg8bit.png,2,yiwu,2000,2500
58P009130_20251025083303516585_NG_0_T_cam0.json,58P009130_20251025083303516585_NG_0_T_cam0.png,1,ng_area,1600,3000
DLCHM58WHY70000W43+ASR_20251025083251558790_NG_0_T_cam0.json,DLCHM58WHY70000W43+ASR_20251025083251558790_NG_0_T_cam0.png,1,ng_area,1600,3000
DLCHM590FCC0000W43+ASR_20251025083357917803_NG_0_T_cam0.json,DLCHM590FCC0000W43+ASR_20251025083357917803_NG_0_T_cam0.png,2,ng_area,1600,3000
DLCHM594TTS0000W43+ASR_20251025083239152333_NG_0_T_cam0.json,DLCHM594TTS0000W43+ASR_20251025083239152333_NG_0_T_cam0.png,1,ng_area,1600,3000
DLCHM5961GA0000W43+ASR_20251025083358742832_NG_0_T_cam0.json,DLCHM5961GA0000W43+ASR_20251025083358742832_NG_0_T_cam0.png,1,ng_area,1600,3000
DLCHMB9LX7Y0000W43+ASA_20251025083354656015_NG_0_T_cam0.json,DLCHMB9LX7Y0000W43+ASA_20251025083354656015_NG_0_T_cam0.png,1,ng_area,1600,3000
DLCHMB9LZKH0000W43+ASA_20251025083353847787_NG_0_T_cam0.json,DLCHMB9LZKH0000W43+ASA_20251025083353847787_NG_0_T_cam0.png,1,ng_area,1600,3000
DLCHMB9MMXE0000W43+ASA_20251025083256853819_NG_0_T_cam0.json,DLCHMB9MMXE0000W43+ASA_20251025083256853819_NG_0_T_cam0.png,2,ng_area,1600,3000
DLCHMB9NCJR0000W43+ASA_20251025083300992779_NG_0_T_cam0.json,DLCHMB9NCJR0000W43+ASA_20251025083300992779_NG_0_T_cam0.png,1,ng_area,1600,3000
DLCHMB9NXSR0000W43+ASA_20251025083439964215_OK_0_T_cam0.json,DLCHMB9NXSR0000W43+ASA_20251025083439964215_OK_0_T_cam0.png,1,ng_area,1600,3000
DLCHMB9UMGK0000W43+ASA_20251025083233796326_NG_0_T_cam0.json,DLCHMB9UMGK0000W43+ASA_20251025083233796326_NG_0_T_cam0.png,1,ng_area,1600,3000
DLCHMB9V5LA0000W43+ASA_20251025083357081652_NG_0_T_cam0.json,DLCHMB9V5LA0000W43+ASA_20251025083357081652_NG_0_T_cam0.png,1,ng_area,1600,3000
DLCHMB9VEA80000W43+ASA_20251025083244865246_NG_0_T_cam0.json,DLCHMB9VEA80000W43+ASA_20251025083244865246_NG_0_T_cam0.png,1,ng_area,1600,3000
DLCHMB9WGQT0000W43+ASA_20251025083232136963_NG_0_T_cam0.json,DLCHMB9WGQT0000W43+ASA_20251025083232136963_NG_0_T_cam0.png,1,ng_area,1600,3000
DLCHMB9XCYT0000W43+ASA_20251025083301836166_NG_0_T_cam0.json,DLCHMB9XCYT0000W43+ASA_20251025083301836166_NG_0_T_cam0.png,1,ng_area,1600,3000
DLCHMB9XWNG0000W43+ASA_20251025083436292422_NG_0_T_cam0.json,DLCHMB9XWNG0000W43+ASA_20251025083436292422_NG_0_T_cam0.png,1,ng_area,1600,3000
DLCHMB9Z5060000W43+ASA_20251025083435475656_NG_0_T_cam0.json,DLCHMB9Z5060000W43+ASA_20251025083435475656_NG_0_T_cam0.png,1,ng_area,1600,3000
DLCHMB9ZRGX0000W43+ASA_20251025083353014829_NG_0_T_cam0.json,DLCHMB9ZRGX0000W43+ASA_20251025083353014829_NG_0_T_cam0.png,1,ng_area,1600,3000
DLCHMBA0AUX0000W43+ASA_20251025083439162265_NG_0_T_cam0.json,DLCHMBA0AUX0000W43+ASA_20251025083439162265_NG_0_T_cam0.png,1,ng_area,1600,3000
DLCHMBA0LTB0000W43+ASA_20251025083300136883_NG_0_T_cam0.json,DLCHMBA0LTB0000W43+ASA_20251025083300136883_NG_0_T_cam0.png,1,ng_area,1600,3000
DLCHMBA26WB0000W43+ASA_20251025083248276746_NG_0_T_cam0.json,DLCHMBA26WB0000W43+ASA_20251025083248276746_NG_0_T_cam0.png,1,ng_area,1600,3000
DLCHMBA2B6G0000W43+ASA_20251025083249901314_NG_0_T_cam0.json,DLCHMBA2B6G0000W43+ASA_20251025083249901314_NG_0_T_cam0.png,1,ng_area,1600,3000
DLCHMBA30GW0000W43+ASA_20251025083437109384_OK_0_T_cam0.json,DLCHMBA30GW0000W43+ASA_20251025083437109384_OK_0_T_cam0.png,1,ng_area,1600,3000
DLCHMBA4EYW0000W43+ASA_20251025083236243769_NG_0_T_cam0.json,DLCHMBA4EYW0000W43+ASA_20251025083236243769_NG_0_T_cam0.png,1,ng_area,1600,3000
DLCHMBA4TQF0000W43+ASA_20251025083302675467_NG_0_T_cam0.json,DLCHMBA4TQF0000W43+ASA_20251025083302675467_NG_0_T_cam0.png,1,ng_area,1600,3000
DLCHMCA9P1V0000W43+ASA_20251025083235439226_OK_0_T_cam0.json,DLCHMCA9P1V0000W43+ASA_20251025083235439226_OK_0_T_cam0.png,1,ng_area,1600,3000
Nocode-23890301_20251025083255994777_NG_0_T_cam0.json,Nocode-23890301_20251025083255994777_NG_0_T_cam0.png,1,ng_area,1600,3000
Nocode-23890401_20251025083352188399_NG_0_T_cam0.json,Nocode-23890401_20251025083352188399_NG_0_T_cam0.png,1,ng_area,1600,3000
Nocode-23890501_20251025083432555491_NG_0_T_cam0.json,Nocode-23890501_20251025083432555491_NG_0_T_cam0.png,1,ng_area,1600,3000
Num153.json,Num153.png,1,Hxian,628,480
Num2578.json,Num2578.png,1,Hxian,628,480
Num2580.json,Num2580.png,1,Hxian,628,480
Num2582.json,Num2582.png,1,Hxian,628,480
Num2584.json,Num2584.png,1,Hxian,628,480
Num2593.json,Num2593.png,1,Hxian,628,480
Num2595.json,Num2595.png,1,Hxian,628,480
Num2597.json,Num2597.png,1,Hxian,628,480
Num2599.json,Num2599.png,1,Hxian,628,480
Num2610.json,Num2610.png,1,Hxian,628,480
Num2612.json,Num2612.png,1,Hxian,628,480
Num2614.json,Num2614.png,1,Hxian,628,480
Num2616.json,Num2616.png,1,Hxian,628,480
Num2626.json,Num2626.png,1,Hxian,628,480
Num2628.json,Num2628.png,1,Hxian,628,480
Num2630.json,Num2630.png,1,Hxian,628,480
Num2632.json,Num2632.png,1,Hxian,628,480
Num2642.json,Num2642.png,1,Hxian,628,480
Num2644.json,Num2644.png,1,Hxian,628,480
Num2646.json,Num2646.png,1,Hxian,628,480
Num2648.json,Num2648.png,1,Hxian,628,480
Num2650.json,Num2650.png,1,Hxian,628,480
Num2652.json,Num2652.png,1,Hxian,628,480
Num2654.json,Num2654.png,1,Hxian,628,480
Num2656.json,Num2656.png,1,Hxian,628,480
Num2658.json,Num2658.png,1,Hxian,628,480
Num2660.json,Num2660.png,1,Hxian,628,480
Num2662.json,Num2662.png,1,Hxian,628,480
Num2664.json,Num2664.png,1,Hxian,628,480
Num2674.json,Num2674.png,1,Hxian,628,480
Num2676.json,Num2676.png,1,Hxian,628,480
Num2678.json,Num2678.png,1,Hxian,628,480
Num2680.json,Num2680.png,1,Hxian,628,480
Num2690.json,Num2690.png,1,Hxian,628,480
Num2692.json,Num2692.png,1,Hxian,628,480
Num2694.json,Num2694.png,1,Hxian,628,480
Num2696.json,Num2696.png,1,Hxian,628,480
Num2698.json,Num2698.png,1,Hxian,628,480
Num2700.json,Num2700.png,1,Hxian,628,480
Num2702.json,Num2702.png,1,Hxian,628,480
Num2704.json,Num2704.png,1,Hxian,628,480
Num2722.json,Num2722.png,1,Hxian,628,480
Num2724.json,Num2724.png,1,Hxian,628,480
Num2726.json,Num2726.png,1,Hxian,628,480
Num2728.json,Num2728.png,1,Hxian,628,480
Num2762.json,Num2762.png,1,Hxian,628,480
Num2764.json,Num2764.png,1,Hxian,628,480
Num2766.json,Num2766.png,1,Hxian,628,480
Num2768.json,Num2768.png,1,Hxian,628,480
Num2778.json,Num2778.png,1,Hxian,628,480
Num2780.json,Num2780.png,1,Hxian,628,480
Num2782.json,Num2782.png,1,Hxian,628,480
Num2784.json,Num2784.png,1,Hxian,628,480
Num2786.json,Num2786.png,1,Hxian,628,480
Num2788.json,Num2788.png,1,Hxian,628,480
Num2790.json,Num2790.png,1,Hxian,628,480
Num2792.json,Num2792.png,1,Hxian,628,480
DLCHM594TTS0000W43+ASR_20251025083239152333_NG_0_T_cam0.json,DLCHM594TTS0000W43+ASR_20251025083239152333_NG_0_T_cam0.png,1,ng_area,1300,2500
DLCHM5961GA0000W43+ASR_20251025083358742832_NG_0_T_cam0.json,DLCHM5961GA0000W43+ASR_20251025083358742832_NG_0_T_cam0.png,1,ng_area,1300,2500
DLCHMB9MDXH0000W43+ASA_20251025083258304077_NG_0_T_cam0.json,DLCHMB9MDXH0000W43+ASA_20251025083258304077_NG_0_T_cam0.png,1,ng_area,1300,2500
DLCHMB9MMXE0000W43+ASA_20251025083256853819_NG_0_T_cam0.json,DLCHMB9MMXE0000W43+ASA_20251025083256853819_NG_0_T_cam0.png,1,ng_area,1300,2500
DLCHMB9NMN70000W43+ASA_20251025083437903274_NG_0_T_cam0.json,DLCHMB9NMN70000W43+ASA_20251025083437903274_NG_0_T_cam0.png,1,ng_area,1300,2500
DLCHMB9NXVX0000W43+ASA_20251025083234620510_NG_0_T_cam0.json,DLCHMB9NXVX0000W43+ASA_20251025083234620510_NG_0_T_cam0.png,1,ng_area,1300,2500
DLCHMB9P15X0000W43+ASA_20251025083259302455_NG_0_T_cam0.json,DLCHMB9P15X0000W43+ASA_20251025083259302455_NG_0_T_cam0.png,1,ng_area,1300,2500
DLCHMB9S0UZ0000W43+ASA_20251025083246556973_NG_0_T_cam0.json,DLCHMB9S0UZ0000W43+ASA_20251025083246556973_NG_0_T_cam0.png,1,ng_area,1300,2500
DLCHMB9WGQT0000W43+ASA_20251025083232136963_NG_0_T_cam0.json,DLCHMB9WGQT0000W43+ASA_20251025083232136963_NG_0_T_cam0.png,1,ng_area,1300,2500
DLCHMB9Y14U0000W43+ASA_20251025083245708423_NG_0_T_cam0.json,DLCHMB9Y14U0000W43+ASA_20251025083245708423_NG_0_T_cam0.png,1,ng_area,1300,2500
DLCHMB9Z7GT0000W43+ASA_20251025083232971972_NG_0_T_cam0.json,DLCHMB9Z7GT0000W43+ASA_20251025083232971972_NG_0_T_cam0.png,1,ng_area,1300,2500
DLCHMBA01JU0000W43+ASA_20251025083249101069_NG_0_T_cam0.json,DLCHMBA01JU0000W43+ASA_20251025083249101069_NG_0_T_cam0.png,1,ng_area,1300,2500
DLCHMBA1R6U0000W43+ASA_20251025083355468631_NG_0_T_cam0.json,DLCHMBA1R6U0000W43+ASA_20251025083355468631_NG_0_T_cam0.png,1,ng_area,1300,2500
DLCHMBA1U0G0000W43+ASA_20251025083434645755_NG_0_T_cam0.json,DLCHMBA1U0G0000W43+ASA_20251025083434645755_NG_0_T_cam0.png,1,ng_area,1300,2500
DLCHMBA4VSZ0000W43+ASA_20251025083237064695_NG_0_T_cam0.json,DLCHMBA4VSZ0000W43+ASA_20251025083237064695_NG_0_T_cam0.png,1,ng_area,1300,2500
Nocode-23890301_20251025083255994777_NG_0_T_cam0.json,Nocode-23890301_20251025083255994777_NG_0_T_cam0.png,1,ng_area,1300,2500
Nocode-23890401_20251025083352188399_NG_0_T_cam0.json,Nocode-23890401_20251025083352188399_NG_0_T_cam0.png,1,ng_area,1300,2500
Nocode-23890501_20251025083432555491_NG_0_T_cam0.json,Nocode-23890501_20251025083432555491_NG_0_T_cam0.png,1,ng_area,1300,2500
"(DGVE26640263Z+D04L7+B,B)Num14.json","(DGVE26640263Z+D04L7+B,B)Num14.png",4,NG_QS,2456,2208
"(DGVE26641800Z+E04A8+B,B)Num18.json","(DGVE26641800Z+E04A8+B,B)Num18.png",4,NG_QS,2456,2208
"(DGVE26641801Z+E04A5+B,B)Num20.json","(DGVE26641801Z+E04A5+B,B)Num20.png",4,NG_QS,2448,2200
"(DGVE26641802Z+E04A6+B,B)Num17.json","(DGVE26641802Z+E04A6+B,B)Num17.png",4,NG_QS,2448,2200
"(DGVE26641803Z+E04A7+B,B)Num19.json","(DGVE26641803Z+E04A7+B,B)Num19.png",4,NG_QS,2448,2200
"(DGVE26642876Z+E04A8+B,A)Num5.json","(DGVE26642876Z+E04A8+B,A)Num5.png",4,NG_QS,2448,2200
"(DGVE26642877Z+E04A5+B,B)Num15.json","(DGVE26642877Z+E04A5+B,B)Num15.png",4,NG_QS,2448,2200
"(DGVE26642888Z+E04A8+B,B)Num6.json","(DGVE26642888Z+E04A8+B,B)Num6.png",4,NG_QS,2448,2200
"(DGVE26642889Z+E04A5+B,B)Num13.json","(DGVE26642889Z+E04A5+B,B)Num13.png",4,NG_QS,2448,2200
"(DGVE26642903Z+D04L7+B,A)Num8.json","(DGVE26642903Z+D04L7+B,A)Num8.png",4,NG_QS,2448,2200
"(DGVE26643739Z+D04L7+B,A)Num11.json","(DGVE26643739Z+D04L7+B,A)Num11.png",4,NG_QS,2456,2208
"(DGVE26643783Z+D04L7+B,B)Num12.json","(DGVE26643783Z+D04L7+B,B)Num12.png",4,NG_QS,2448,2200
"(DGVE26643791Z+D04L7+B,F)Num16.json","(DGVE26643791Z+D04L7+B,F)Num16.png",4,NG_QS,2448,2200
"(DGVE26643795Z+D04L7+B,B)Num10.json","(DGVE26643795Z+D04L7+B,B)Num10.png",4,NG_QS,2448,2200
"(DGVE26644203Z+D04L7+B,B)Num7.json","(DGVE26644203Z+D04L7+B,B)Num7.png",4,NG_QS,2456,2208
(Error)Num9.json,(Error)Num9.png,4,NG_QS,2448,2200
img_13f8bea6.json,img_13f8bea6.png,4,NG_QS,2448,2200
img_31087c30.json,img_31087c30.png,4,NG_QS,2448,2200
img_79ce870b.json,img_79ce870b.png,4,NG_QS,2456,2208
img_ece1ca9.json,img_ece1ca9.png,4,NG_QS,2448,2200
"(DGVE26641765Z+C10B5+B,B)Num68.json","(DGVE26641765Z+C10B5+B,B)Num68.png",1,NG_QS,2448,2200
"(DGVE27745167Z+D06J7+B,B)Num67.json","(DGVE27745167Z+D06J7+B,B)Num67.png",1,NG_QS,2448,2200
"(DGVE34142645Z+E04A5+B,A)Num98.json","(DGVE34142645Z+E04A5+B,A)Num98.png",3,NG_QS,2448,2200
"(DGVE34142646Z+E04A6+B,A)Num257.json","(DGVE34142646Z+E04A6+B,A)Num257.png",3,NG_QS,2448,2200
104.json,104.png,1,NG_JSS,696,800
105.json,105.png,1,NG_JSS,696,800
106.json,106.png,2,NG_JSS,696,800
108.json,108.png,1,NG_JSS,696,800
110.json,110.png,1,NG_JSS,696,800
112.json,112.png,1,NG_JSS,696,800
114.json,114.png,1,NG_JSS,696,800
115.json,115.png,1,NG_JSS,696,800
117.json,117.png,1,NG_JSS,696,800
119.json,119.png,1,NG_JSS,696,800
122.json,122.png,1,NG_JSS,696,800
123.json,123.png,1,NG_JSS,696,800
124.json,124.png,1,NG_JSS,696,800
125.json,125.png,1,NG_JSS,696,800
126.json,126.png,1,NG_JSS,696,800
128.json,128.png,1,NG_JSS,696,800
129.json,129.png,1,NG_JSS,696,800
130.json,130.png,1,NG_JSS,696,800
131.json,131.png,1,NG_JSS,696,800
132.json,132.png,1,NG_JSS,696,800
102.json,102.png,1,NG_JSS,696,800
103.json,103.png,1,NG_JSS,696,800
105.json,105.png,1,NG_JSS,696,800
106.json,106.png,1,NG_JSS,696,800
107.json,107.png,1,NG_JSS,696,800
110.json,110.png,1,NG_JSS,696,800
113.json,113.png,1,NG_JSS,696,800
114.json,114.png,1,NG_JSS,696,800
116.json,116.png,1,NG_JSS,696,800
117.json,117.png,1,NG_JSS,696,800
118.json,118.png,1,NG_JSS,696,800
119.json,119.png,1,NG_JSS,696,800
125.json,125.png,1,NG_JSS,696,800
128.json,128.png,1,NG_JSS,696,800
130.json,130.png,1,NG_JSS,696,800
101.json,101.png,1,NG_JSS,696,800
102.json,102.png,1,NG_JSS,696,800
103.json,103.png,1,NG_JSS,696,800
105.json,105.png,1,NG_JSS,696,800
110.json,110.png,1,NG_JSS,696,800
113.json,113.png,1,NG_JSS,696,800
114.json,114.png,1,NG_JSS,696,800
116.json,116.png,1,NG_JSS,696,800
118.json,118.png,1,NG_JSS,696,800
119.json,119.png,1,NG_JSS,696,800
125.json,125.png,1,NG_JSS,696,800
134.json,134.png,1,NG_JSS,696,800
103.json,103.png,1,NG_JSS,696,800
104.json,104.png,1,NG_JSS,696,800
105.json,105.png,1,NG_JSS,696,800
106.json,106.png,1,NG_JSS,696,800
110.json,110.png,1,NG_JSS,696,800
113.json,113.png,1,NG_JSS,696,800
114.json,114.png,1,NG_JSS,696,800
117.json,117.png,1,NG_JSS,696,800
118.json,118.png,1,NG_JSS,696,800
119.json,119.png,1,NG_JSS,696,800
122.json,122.png,1,NG_JSS,696,800
125.json,125.png,1,NG_JSS,696,800
128.json,128.png,1,NG_JSS,696,800
130.json,130.png,1,NG_JSS,696,800
104.json,104.png,2,NG_JSS,696,800
105.json,105.png,2,NG_JSS,696,800
106.json,106.png,2,NG_JSS,696,800
107.json,107.png,1,NG_JSS,696,800
108.json,108.png,1,NG_JSS,696,800
110.json,110.png,2,NG_JSS,696,800
111.json,111.png,1,NG_JSS,696,800
112.json,112.png,1,NG_JSS,696,800
114.json,114.png,1,NG_JSS,696,800
117.json,117.png,1,NG_JSS,696,800
119.json,119.png,1,NG_JSS,696,800
122.json,122.png,1,NG_JSS,696,800
123.json,123.png,1,NG_JSS,696,800
124.json,124.png,1,NG_JSS,696,800
125.json,125.png,1,NG_JSS,696,800
126.json,126.png,1,NG_JSS,696,800
128.json,128.png,1,NG_JSS,696,800
129.json,129.png,1,NG_JSS,696,800
130.json,130.png,1,NG_JSS,696,800
131.json,131.png,1,NG_JSS,696,800
134.json,134.png,1,NG_JSS,696,800
104.json,104.png,1,NG_JSS,696,800
105.json,105.png,1,NG_JSS,696,800
106.json,106.png,1,NG_JSS,696,800
108.json,108.png,1,NG_JSS,696,800
110.json,110.png,1,NG_JSS,696,800
112.json,112.png,1,NG_JSS,696,800
114.json,114.png,1,NG_JSS,696,800
117.json,117.png,1,NG_JSS,696,800
119.json,119.png,1,NG_JSS,696,800
123.json,123.png,1,NG_JSS,696,800
126.json,126.png,1,NG_JSS,696,800
128.json,128.png,1,NG_JSS,696,800
129.json,129.png,1,NG_JSS,696,800
130.json,130.png,1,NG_JSS,696,800
131.json,131.png,1,NG_JSS,696,800
134.json,134.png,1,NG_JSS,696,800
105.json,105.png,1,NG_JSS,696,800
110.json,110.png,1,NG_JSS,696,800
115.json,115.png,1,NG_JSS,696,800
117.json,117.png,2,NG_JSS,696,800
123.json,123.png,2,NG_JSS,696,800
124.json,124.png,1,NG_JSS,696,800
125.json,125.png,2,NG_JSS,696,800
126.json,126.png,2,NG_JSS,696,800
128.json,128.png,2,NG_JSS,696,800
129.json,129.png,2,NG_JSS,696,800
130.json,130.png,2,NG_JSS,696,800
131.json,131.png,1,NG_JSS,696,800
134.json,134.png,1,NG_JSS,696,800
102.json,102.png,1,NG_JSS,696,800
103.json,103.png,1,NG_JSS,696,800
104.json,104.png,1,NG_JSS,696,800
105.json,105.png,1,NG_JSS,696,800
106.json,106.png,1,NG_JSS,696,800
107.json,107.png,1,NG_JSS,696,800
108.json,108.png,1,NG_JSS,696,800
110.json,110.png,2,NG_JSS,696,800
112.json,112.png,1,NG_JSS,696,800
115.json,115.png,1,NG_JSS,696,800
116.json,116.png,1,NG_JSS,696,800
117.json,117.png,1,NG_JSS,696,800
118.json,118.png,1,NG_JSS,696,800
119.json,119.png,1,NG_JSS,696,800
120.json,120.png,1,NG_JSS,696,800
121.json,121.png,1,NG_JSS,696,800
123.json,123.png,1,NG_JSS,696,800
125.json,125.png,1,NG_JSS,696,800
126.json,126.png,1,NG_JSS,696,800
127.json,127.png,1,NG_JSS,696,800
128.json,128.png,1,NG_JSS,696,800
131.json,131.png,1,NG_JSS,696,800
132.json,132.png,2,NG_JSS,696,800
134.json,134.png,1,NG_JSS,696,800
102.json,102.png,2,NG_JSS,696,800
103.json,103.png,1,NG_JSS,696,800
104.json,104.png,1,NG_JSS,696,800
105.json,105.png,1,NG_JSS,696,800
106.json,106.png,1,NG_JSS,696,800
107.json,107.png,1,NG_JSS,696,800
108.json,108.png,1,NG_JSS,696,800
110.json,110.png,1,NG_JSS,696,800
111.json,111.png,1,NG_JSS,696,800
115.json,115.png,1,NG_JSS,696,800
116.json,116.png,1,NG_JSS,696,800
118.json,118.png,1,NG_JSS,696,800
119.json,119.png,1,NG_JSS,696,800
120.json,120.png,1,NG_JSS,696,800
126.json,126.png,1,NG_JSS,696,800
127.json,127.png,1,NG_JSS,696,800
128.json,128.png,1,NG_JSS,696,800
129.json,129.png,1,NG_JSS,696,800
131.json,131.png,1,NG_JSS,696,800
132.json,132.png,1,NG_JSS,696,800
134.json,134.png,1,NG_JSS,696,800
102.json,102.png,1,NG_JSS,696,800
103.json,103.png,1,NG_JSS,696,800
104.json,104.png,1,NG_JSS,696,800
105.json,105.png,1,NG_JSS,696,800
106.json,106.png,1,NG_JSS,696,800
107.json,107.png,2,NG_JSS,696,800
110.json,110.png,1,NG_JSS,696,800
112.json,112.png,1,NG_JSS,696,800
115.json,115.png,1,NG_JSS,696,800
116.json,116.png,1,NG_JSS,696,800
118.json,118.png,1,NG_JSS,696,800
120.json,120.png,1,NG_JSS,696,800
127.json,127.png,1,NG_JSS,696,800
131.json,131.png,1,NG_JSS,696,800
132.json,132.png,1,NG_JSS,696,800
134.json,134.png,1,NG_JSS,696,800
102.json,102.png,1,NG_JSS,696,800
104.json,104.png,1,NG_JSS,696,800
105.json,105.png,1,NG_JSS,696,800
107.json,107.png,1,NG_JSS,696,800
108.json,108.png,1,NG_JSS,696,800
110.json,110.png,1,NG_JSS,696,800
112.json,112.png,1,NG_JSS,696,800
115.json,115.png,1,NG_JSS,696,800
116.json,116.png,1,NG_JSS,696,800
117.json,117.png,1,NG_JSS,696,800
120.json,120.png,1,NG_JSS,696,800
125.json,125.png,1,NG_JSS,696,800
127.json,127.png,1,NG_JSS,696,800
131.json,131.png,2,NG_JSS,696,800
132.json,132.png,1,NG_JSS,696,800
134.json,134.png,1,NG_JSS,696,800
101.json,101.png,1,NG_JSS,696,800
103.json,103.png,1,NG_JSS,696,800
104.json,104.png,1,NG_JSS,696,800
105.json,105.png,1,NG_JSS,696,800
107.json,107.png,1,NG_JSS,696,800
110.json,110.png,1,NG_JSS,696,800
111.json,111.png,1,NG_JSS,696,800
113.json,113.png,1,NG_JSS,696,800
114.json,114.png,1,NG_JSS,696,800
117.json,117.png,1,NG_JSS,696,800
118.json,118.png,1,NG_JSS,696,800
119.json,119.png,1,NG_JSS,696,800
122.json,122.png,1,NG_JSS,696,800
123.json,123.png,1,NG_JSS,696,800
128.json,128.png,1,NG_JSS,696,800
130.json,130.png,1,NG_JSS,696,800
(10)Num26.json,(10)Num26.png,3,NG_PS,3390,4820
(106)Num194.json,(106)Num194.png,2,NG_PS,3390,4820
(107)Num195.json,(107)Num195.png,1,NG_PS,3390,4820
(11)Num147.json,(11)Num147.png,1,NG_PS,3390,4820
(11)Num27.json,(11)Num27.png,4,NG_PS,3390,4820
(11)Num51.json,(11)Num51.png,1,NG_PS,3390,4820
(11)Num99.json,(11)Num99.png,1,NG_PS,3390,4820
(110)Num198.json,(110)Num198.png,2,NG_PS,3390,4820
(12)Num28.json,(12)Num28.png,4,NG_PS,3390,4820
(123)Num203.json,(123)Num203.png,3,NG_PS,3390,4820
(124)Num204.json,(124)Num204.png,3,NG_PS,3390,4820
(125)Num205.json,(125)Num205.png,2,NG_PS,3390,4820
(126)Num206.json,(126)Num206.png,2,NG_PS,3390,4820
(127)Num207.json,(127)Num207.png,3,NG_PS,3390,4820
(14)Num102.json,(14)Num102.png,2,NG_PS,3390,4820
(14)Num150.json,(14)Num150.png,2,NG_PS,3390,4820
(14)Num30.json,(14)Num30.png,3,NG_PS,3390,4820
(14)Num54.json,(14)Num54.png,2,NG_PS,3390,4820
(15)Num103.json,(15)Num103.png,2,NG_PS,3390,4820
(15)Num151.json,(15)Num151.png,2,NG_PS,3390,4820
(15)Num31.json,(15)Num31.png,3,NG_PS,3390,4820
(15)Num55.json,(15)Num55.png,2,NG_PS,3390,4820
(16)Num32.json,(16)Num32.png,2,NG_PS,3390,4820
(189)Num93.json,(189)Num93.png,1,NG_PS,3390,4820
(25)Num33.json,(25)Num33.png,4,NG_PS,3390,4820
(26)Num34.json,(26)Num34.png,5,NG_PS,3390,4820
(27)Num107.json,(27)Num107.png,3,NG_PS,3390,4820
(27)Num35.json,(27)Num35.png,3,NG_PS,3390,4820
(28)Num36.json,(28)Num36.png,5,NG_PS,3390,4820
(29)Num157.json,(29)Num157.png,1,NG_PS,3390,4820
(29)Num37.json,(29)Num37.png,3,NG_PS,3390,4820
(30)Num110.json,(30)Num110.png,2,NG_PS,3390,4820
(30)Num158.json,(30)Num158.png,2,NG_PS,3390,4820
(31)Num111.json,(31)Num111.png,2,NG_PS,3390,4820
(31)Num159.json,(31)Num159.png,2,NG_PS,3390,4820
(31)Num63.json,(31)Num63.png,2,NG_PS,3390,4820
(47)Num71.json,(47)Num71.png,2,NG_PS,3390,4820
(57)Num25.json,(57)Num25.png,1,NG_PS,3390,4820
(58)Num122.json,(58)Num122.png,2,NG_PS,3390,4820
(62)Num174.json,(62)Num174.png,2,NG_PS,3390,4820
(62)Num78.json,(62)Num78.png,2,NG_PS,3390,4820
(75)Num179.json,(75)Num179.png,2,NG_PS,3390,4820
(76)Num132.json,(76)Num132.png,3,NG_PS,3390,4820
(76)Num180.json,(76)Num180.png,3,NG_PS,3390,4820
(78)Num182.json,(78)Num182.png,2,NG_PS,3390,4820
(79)Num135.json,(79)Num135.png,2,NG_PS,3390,4820
(79)Num183.json,(79)Num183.png,3,NG_PS,3390,4820
(79)Num87.json,(79)Num87.png,2,NG_PS,3390,4820
(9)Num25.json,(9)Num25.png,2,NG_PS,3390,4820
(90)Num138.json,(90)Num138.png,3,NG_PS,3390,4820
(90)Num186.json,(90)Num186.png,3,NG_PS,3390,4820
(95)Num95.json,(95)Num95.png,2,NG_PS,3390,4820
0B5CE4CM76A81JD4X1000033_1829190101.json,0B5CE4CM76A81JD4X1000033_1829190101.png,1,NG_DH,1944,2592
0B5CE4CM76A81JD531000008_1310090101.json,0B5CE4CM76A81JD531000008_1310090101.png,1,NG_DH,1944,2592
0B5CE4CM76A81JD531000010_1310300101.json,0B5CE4CM76A81JD531000010_1310300101.png,1,NG_DH,1944,2592
0B5CE4CM76A81JD531000019_1357590101.json,0B5CE4CM76A81JD531000019_1357590101.png,1,NG_DH,1944,2592
0B5CE4CM76A81JD531000023_1359560101.json,0B5CE4CM76A81JD531000023_1359560101.png,1,NG_DH,1944,2592
0B5CE4CM76A81JD531000031_1411500101.json,0B5CE4CM76A81JD531000031_1411500101.png,1,NG_DH,1944,2592
0B5CE4CM76A81JD531000035_1428590101.json,0B5CE4CM76A81JD531000035_1428590101.png,1,NG_DH,1944,2592
0B5CE4CM76A81JD531000047_1826490101.json,0B5CE4CM76A81JD531000047_1826490101.png,1,NG_DH,1944,2592
0B5CE4CM76A81JD531000052_1610370101.json,0B5CE4CM76A81JD531000052_1610370101.png,1,NG_DH,1944,2592
0B5CE4CM76A81JD531000116_1926500101.json,0B5CE4CM76A81JD531000116_1926500101.png,1,NG_DH,1944,2592
0B5CE4CM76A81JD541000090_2059140101.json,0B5CE4CM76A81JD541000090_2059140101.png,1,NG_DH,1944,2592
0B5CE4CM76A81JD551000014_1526500101.json,0B5CE4CM76A81JD551000014_1526500101.png,1,NG_DH,1944,2592
0B5CE4CM76A81JD551000028_1534490101.json,0B5CE4CM76A81JD551000028_1534490101.png,1,NG_DH,1944,2592
0B5CE4CM76A81JD551000060_1634560101.json,0B5CE4CM76A81JD551000060_1634560101.png,1,NG_DH,1944,2592
0B5CE4CM76A81JD551000067_1653360101.json,0B5CE4CM76A81JD551000067_1653360101.png,1,NG_DH,1944,2592
0B5CE4CM76A81JD551000076_1657050101.json,0B5CE4CM76A81JD551000076_1657050101.png,1,NG_DH,1944,2592
0B5CE4CM76A81JD561000040_1854170101.json,0B5CE4CM76A81JD561000040_1854170101.png,1,NG_DH,1944,2592
0B5CE4CM76A81JD561000103_2049270101.json,0B5CE4CM76A81JD561000103_2049270101.png,1,NG_DH,1944,2592
img_1468dae1.json,img_1468dae1.png,1,NG_SJ,800,2080
img_14c5b63e.json,img_14c5b63e.png,1,NG_SJ,800,2080
img_1d81093a.json,img_1d81093a.png,1,NG_SJ,800,2080
img_3c640c35.json,img_3c640c35.png,1,NG_SJ,800,2080
img_3e138d9f.json,img_3e138d9f.png,1,NG_SJ,800,2080
img_44b294e7.json,img_44b294e7.png,1,NG_SJ,800,2080
img_49fb5e79.json,img_49fb5e79.png,1,NG_SJ,800,2080
img_4f6e059e.json,img_4f6e059e.png,1,NG_SJ,800,2080
img_5c00b9f5.json,img_5c00b9f5.png,1,NG_SJ,800,2080
img_5fab9306.json,img_5fab9306.png,1,NG_SJ,800,2080
img_692a7394.json,img_692a7394.png,1,NG_SJ,800,2080
img_693ebdef.json,img_693ebdef.png,1,NG_SJ,800,2080
img_79860ecd.json,img_79860ecd.png,1,NG_SJ,800,2080
img_7ccb4309.json,img_7ccb4309.png,1,NG_SJ,800,2080
img_82a44516.json,img_82a44516.png,1,NG_SJ,800,2080
img_a3ede854.json,img_a3ede854.png,1,NG_SJ,800,2080
img_bf7eff22.json,img_bf7eff22.png,1,NG_SJ,800,2080
img_c4a6878e.json,img_c4a6878e.png,1,NG_SJ,800,2080
img_cf90ade.json,img_cf90ade.png,1,NG_SJ,800,2080
img_eda86ab4.json,img_eda86ab4.png,1,NG_SJ,800,2080
img_f1f714e6.json,img_f1f714e6.png,1,NG_SJ,800,2080
img_f44d3ce4.json,img_f44d3ce4.png,1,NG_SJ,800,2080
img_fda3a322.json,img_fda3a322.png,1,NG_SJ,800,2080
img_fde95407.json,img_fde95407.png,1,NG_SJ,800,2080
